controller,task,IAE_dt,IAE_half_dt,absolute_relative_change
nested_3,acidic_step_-1,422.8300873265693,422.9818892862583,0.00035888524670680644
nested_3,acidic_step_+1,333.90687126365924,334.1672311499637,0.0007791305132118577
nested_3,acidic_disturbance,2407.53003969821,2407.7616399736257,9.618903780611255e-05
nested_3,neutral_step_-1,178.4466861644917,176.87826352016558,0.008867243566914068
nested_3,neutral_step_+1,144.7834668189878,143.46874852357095,0.009163795662445882
nested_3,neutral_disturbance,9541.325331909713,9556.41960964578,0.0015794908922617337
nested_3,alkaline_step_-1,303.6117766078629,303.88270549794396,0.0008915574502244423
nested_3,alkaline_step_+1,352.4058283709294,352.5738116032514,0.00047644841106642214
nested_3,alkaline_disturbance,11779.178428111298,11791.038114015664,0.001005822031078769
nested_4,acidic_step_-1,422.8300873265693,422.9818892862583,0.00035888524670680644
nested_4,acidic_step_+1,333.90687126365924,334.1672311499637,0.0007791305132118577
nested_4,acidic_disturbance,2407.53003969821,2407.7616399736257,9.618903780611255e-05
nested_4,neutral_step_-1,582.3233132605587,581.3533398772323,0.0016684747756523662
nested_4,neutral_step_+1,477.2563428058229,477.484297317663,0.00047740734746810204
nested_4,neutral_disturbance,11474.282686571067,11503.04969313254,0.0025008156383647725
nested_4,alkaline_step_-1,328.4434812024207,328.70338882632836,0.0007907056414468625
nested_4,alkaline_step_+1,416.0273316937995,416.17879571663144,0.00036393978835735767
nested_4,alkaline_disturbance,12461.345901639783,12497.87840994335,0.0029230967933327277
nested_5,acidic_step_-1,422.8300873265693,422.9818892862583,0.00035888524670680644
nested_5,acidic_step_+1,333.90687126365924,334.1672311499637,0.0007791305132118577
nested_5,acidic_disturbance,2407.53003969821,2407.7616399736257,9.618903780611255e-05
nested_5,neutral_step_-1,489.9732025751987,490.2957738875982,0.0006579116720542698
nested_5,neutral_step_+1,490.0985534217706,490.4210285215888,0.0006575474562955832
nested_5,neutral_disturbance,13628.855090195044,13642.91512881146,0.0010305743665241002
nested_5,alkaline_step_-1,407.7958299851379,407.9993590949746,0.0004988466410538843
nested_5,alkaline_step_+1,633.4623716651834,633.5887348614866,0.0001994404088180081
nested_5,alkaline_disturbance,12966.103937647824,12978.009966993766,0.0009174002313314883
uniform_3,acidic_step_-1,388.24145369911463,388.40109522759053,0.0004110223437510058
uniform_3,acidic_step_+1,320.49889990709346,320.765374163015,0.000830745078445135
uniform_3,acidic_disturbance,2392.1399819953826,2392.3274622410645,7.836730073157631e-05
uniform_3,neutral_step_-1,408.0617460436637,403.50749235067724,0.01128666450889209
uniform_3,neutral_step_+1,207.87159738509362,207.7289235570831,0.0006868269741517691
uniform_3,neutral_disturbance,7385.302999771242,7472.832203846946,0.011712989357722333
uniform_3,alkaline_step_-1,314.2055703208085,314.47237783251313,0.0008484290847533715
uniform_3,alkaline_step_+1,379.4431635157169,379.60327185030417,0.00042177806794672847
uniform_3,alkaline_disturbance,9866.54630822887,9871.52778151055,0.0005046304272181422
uniform_4,acidic_step_-1,460.3730931680193,460.51811942998984,0.00031491977373235644
uniform_4,acidic_step_+1,348.20591668986094,348.45888678561613,0.0007259682715763941
uniform_4,acidic_disturbance,2422.322047126346,2422.5955410493852,0.00011289293586356259
uniform_4,neutral_step_-1,429.64441785939545,429.7453037363529,0.00023475736926114333
uniform_4,neutral_step_+1,301.1976360333369,300.9796395617127,0.0007242897623960105
uniform_4,neutral_disturbance,14159.516485234844,14179.580957788126,0.0014150257763620039
uniform_4,alkaline_step_-1,342.9759550633661,343.227849171499,0.0007338976389617641
uniform_4,alkaline_step_+1,453.9775605466253,454.12196592205777,0.00031798808749380957
uniform_4,alkaline_disturbance,13742.294036559557,13745.478941412372,0.00023170562963937513
uniform_5,acidic_step_-1,544.0506240441239,544.1851213239831,0.0002471535413023304
uniform_5,acidic_step_+1,378.9603124035463,379.19452292265436,0.0006176526952521914
uniform_5,acidic_disturbance,2449.5428797249947,2449.8927440266784,0.00014280800763085482
uniform_5,neutral_step_-1,358.4765895769621,358.7201684432674,0.0006790219444933043
uniform_5,neutral_step_+1,433.8734723391428,434.04818493877343,0.0004025189038753775
uniform_5,neutral_disturbance,16668.110971704904,16689.729342988445,0.0012953098782649251
uniform_5,alkaline_step_-1,373.9750191525781,374.2067717121267,0.000619316851184223
uniform_5,alkaline_step_+1,537.6548181019892,537.7884454577074,0.00024847569122552415
uniform_5,alkaline_disturbance,14818.82322088846,14824.163022689718,0.0003602093280466889
chord_5,acidic_step_-1,432.45652148106234,432.6093569953144,0.0003532875833143437
chord_5,acidic_step_+1,341.4210438061168,341.68456485078855,0.0007712407049666165
chord_5,acidic_disturbance,2467.949560808913,2468.1822616695113,9.428025807181202e-05
chord_5,neutral_step_-1,176.643795721799,176.43859402830788,0.0011630204526465267
chord_5,neutral_step_+1,174.9917773694986,175.10035896764302,0.0006201106541676267
chord_5,neutral_disturbance,10898.850111229303,10911.20450339265,0.0011322665760232944
chord_5,alkaline_step_-1,330.1438351030401,330.2976945996529,0.00046582067973351837
chord_5,alkaline_step_+1,464.4064746187924,464.526201896844,0.00025774063457064593
chord_5,alkaline_disturbance,11259.248082272105,11277.160908977294,0.0015884163443060867
fixed_PI,acidic_step_-1,3909.3766796163,3909.384831844948,2.08529704771142e-06
fixed_PI,acidic_step_+1,3962.6717947340817,3962.675197227113,8.586353566967496e-07
fixed_PI,acidic_disturbance,8941.142759531314,8941.14336961041,6.823278308575267e-08
fixed_PI,neutral_step_-1,865.2175687160974,865.4205411926634,0.0002345362363208268
fixed_PI,neutral_step_+1,865.2160847917909,865.4190567865697,0.00023453608189832203
fixed_PI,neutral_disturbance,33201.27313554604,33201.41742473996,4.345874517017212e-06
fixed_PI,alkaline_step_-1,3632.5858228976776,3632.620165458188,9.453936537790622e-06
fixed_PI,alkaline_step_+1,3273.251310378907,3273.3126769489327,1.874754295789169e-05
fixed_PI,alkaline_disturbance,48057.303315561185,48057.33498469531,6.589864822652261e-07
continuous_exact,acidic_step_-1,1005.4925580159697,1005.6452769890229,0.000151861671851579
continuous_exact,acidic_step_+1,578.7017738408674,579.0341392663645,0.0005739997056446101
continuous_exact,acidic_disturbance,2139.8865543348124,2140.281736805689,0.00018464039760780898
continuous_exact,neutral_step_-1,806.2982041407754,806.5229599688805,0.0002786725725871327
continuous_exact,neutral_step_+1,806.3153716883229,806.5401197885886,0.0002786570621243908
continuous_exact,neutral_disturbance,16183.624288639232,16189.918729908215,0.0003887877001726462
continuous_exact,alkaline_step_-1,576.8032764647967,577.1375729748147,0.0005792319295638875
continuous_exact,alkaline_step_+1,1005.5098758690647,1005.6624985741527,0.00015176334536127562
continuous_exact,alkaline_disturbance,15747.996117396968,15752.368412245978,0.000277564283324615
