controller,region,task,IAE,ISE,ITAE,max_error,time_outside_band_s,settling_s,actuator_total_variation,saturation_fraction,IAE_ratio_to_fixed
nested_3,acidic,acidic_step_-1,422.8300873265693,82.36134165409301,489462.42115407984,0.3999999999999968,1374.0,1374.0,0.010164237787496866,0.0,0.10815792950605863
nested_3,acidic,acidic_step_+1,333.90687126365924,84.77914956450599,227498.9618151663,0.40000000000000036,1116.0,1116.0,0.015656496124335284,0.0,0.08426306506316815
nested_3,acidic,acidic_disturbance,2407.53003969821,1233.7191873234437,5443839.50493916,0.6753694752055663,5140.0,5174.0,0.2520495944419672,0.0,0.26926424333531285
nested_3,neutral,neutral_step_-1,178.4466861644917,34.892197136337685,119507.26317263747,0.40000000000170566,476.0,528.0,0.0034015099939459503,0.0,0.20624487136719846
nested_3,neutral,neutral_step_+1,144.7834668189878,29.43888296778097,86815.03765910283,0.40000000000287983,416.0,656.0,0.005401366915314121,0.0,0.1673379279048298
nested_3,neutral,neutral_disturbance,9541.325331909713,20458.318925503023,19963151.174625777,2.8102982576100377,5716.0,5732.0,0.43814311250605265,0.0,0.28737829699953743
nested_3,alkaline,alkaline_step_-1,303.6117766078629,78.97561176736723,174128.21627678728,0.3999999999999311,1028.0,1028.0,0.0018892751676977682,0.0,0.08358006979327877
nested_3,alkaline,alkaline_step_+1,352.4058283709294,69.17773246381361,346987.6181289468,0.4000000000000181,1112.0,1112.0,0.0013854043871583954,0.0,0.10766231949667665
nested_3,alkaline,alkaline_disturbance,11779.178428111298,24136.57146955837,37888731.927312165,4.236333893951176,9984.0,inf,0.48540319522877073,0.0,0.24510693724874785
nested_4,acidic,acidic_step_-1,422.8300873265693,82.36134165409301,489462.42115407984,0.3999999999999968,1374.0,1374.0,0.010164237787496866,0.0,0.10815792950605863
nested_4,acidic,acidic_step_+1,333.90687126365924,84.77914956450599,227498.9618151663,0.40000000000000036,1116.0,1116.0,0.015656496124335284,0.0,0.08426306506316815
nested_4,acidic,acidic_disturbance,2407.53003969821,1233.7191873234437,5443839.50493916,0.6753694752055663,5140.0,5174.0,0.2520495944419672,0.0,0.26926424333531285
nested_4,neutral,neutral_step_-1,582.3233132605587,90.80069387527728,1194545.950475269,0.40000000000170566,2532.0,2988.0,0.00043973364503724355,0.0,0.6730368572204012
nested_4,neutral,neutral_step_+1,477.2563428058229,105.87451384444752,506693.85337129387,0.40000000000287983,1616.0,1616.0,3.2472343386658054e-05,0.0,0.5516036412113996
nested_4,neutral,neutral_disturbance,11474.282686571067,23425.431610150554,29920723.453487333,2.812089113416387,7524.0,7586.0,0.4432409668748143,0.0,0.34559767150273635
nested_4,alkaline,alkaline_step_-1,328.4434812024207,83.50466561738278,220099.26856044246,0.3999999999999311,1096.0,1096.0,0.0016301396342788266,0.0,0.0904158902818226
nested_4,alkaline,alkaline_step_+1,416.0273316937995,80.92645746177197,476306.2858673011,0.4000000000000181,1346.0,1346.0,0.0010550856376463358,0.0,0.12709911101987484
nested_4,alkaline,alkaline_disturbance,12461.345901639783,25377.863483430207,42148752.07166338,4.246115385513346,9984.0,inf,0.4887312807925257,0.0,0.2593018134999002
nested_5,acidic,acidic_step_-1,422.8300873265693,82.36134165409301,489462.42115407984,0.3999999999999968,1374.0,1374.0,0.010164237787496866,0.0,0.10815792950605863
nested_5,acidic,acidic_step_+1,333.90687126365924,84.77914956450599,227498.9618151663,0.40000000000000036,1116.0,1116.0,0.015656496124335284,0.0,0.08426306506316815
nested_5,acidic,acidic_disturbance,2407.53003969821,1233.7191873234437,5443839.50493916,0.6753694752055663,5140.0,5174.0,0.2520495944419672,0.0,0.26926424333531285
nested_5,neutral,neutral_step_-1,489.9732025751987,106.36803260202191,560092.1609655718,0.40000000000170566,1620.0,1620.0,3.242974028694334e-05,0.0,0.5663005702742184
nested_5,neutral,neutral_step_+1,490.0985534217706,106.39052240274249,560403.8655713432,0.40000000000287983,1622.0,1622.0,3.246471326345812e-05,0.0,0.5664464196128646
nested_5,neutral,neutral_disturbance,13628.855090195044,26693.654958055035,43936345.83587182,2.812089113416387,8762.0,8804.0,0.44753948745561445,0.0,0.41049194211783646
nested_5,alkaline,alkaline_step_-1,407.7958299851379,96.25152059803304,417160.5991824773,0.3999999999999311,1288.0,1288.0,0.0011873487214879574,0.0,0.11226048051353216
nested_5,alkaline,alkaline_step_+1,633.4623716651834,127.87570038717806,991827.2859144337,0.4000000000000181,2198.0,2198.0,0.0013958624395460362,0.0,0.1935269588548197
nested_5,alkaline,alkaline_disturbance,12966.103937647824,26337.549026450164,45364897.74705987,4.252489920943705,9984.0,inf,0.49079284560801195,0.0,0.26980506693244555
uniform_3,acidic,acidic_step_-1,388.24145369911463,75.80394880627311,417099.10671235796,0.3999999999999968,1244.0,1244.0,0.011397589930517427,0.0,0.09931032118839467
uniform_3,acidic,acidic_step_+1,320.49889990709346,82.3544589262207,201720.3320815141,0.40000000000000036,1078.0,1078.0,0.0168710405215986,0.0,0.08087949658939665
uniform_3,acidic,acidic_disturbance,2392.1399819953826,1222.0100736166678,5392141.915702804,0.6730993783026884,5116.0,5150.0,0.2522357821366912,0.0,0.26754298039200264
uniform_3,neutral,neutral_step_-1,408.0617460436637,66.01756066689471,539298.2176320769,0.40000000000170566,1750.0,1862.0,0.0014417927436420896,0.0,0.4716290570118559
uniform_3,neutral,neutral_step_+1,207.87159738509362,38.78917540374377,161625.47321664123,0.40000000000287983,366.0,366.0,0.0008092316455732274,0.0,0.24025396781096214
uniform_3,neutral,neutral_disturbance,7385.302999771242,14563.985584419523,12865078.76714216,2.7379247156662396,5066.0,5088.0,0.4182993598956388,0.0,0.22244035551348684
uniform_3,alkaline,alkaline_step_-1,314.2055703208085,80.94679421137603,192991.21743441667,0.3999999999999311,1058.0,1058.0,0.0017692301717806558,0.0,0.08649639282855809
uniform_3,alkaline,alkaline_step_+1,379.4431635157169,74.04318257841774,400682.6308330928,0.4000000000000181,1210.0,1210.0,0.0012077636416591986,0.0,0.11592240483111366
uniform_3,alkaline,alkaline_disturbance,9866.54630822887,20143.877584341928,27637528.631236166,4.17754998055909,8992.0,9010.0,0.4741208143686668,0.0,0.20530794754424006
uniform_4,acidic,acidic_step_-1,460.3730931680193,89.79826508658026,571391.5280348475,0.3999999999999968,1518.0,1518.0,0.009601879782046296,0.0,0.1177612522140497
uniform_4,acidic,acidic_step_+1,348.20591668986094,87.28423472570006,257074.27133349841,0.40000000000000036,1154.0,1154.0,0.0145797607520457,0.0,0.08787150052461702
uniform_4,acidic,acidic_disturbance,2422.322047126346,1244.9394309911709,5493951.845014912,0.6775295146406664,5164.0,5198.0,0.2518674842850812,0.0,0.2709186188246615
uniform_4,neutral,neutral_step_-1,429.64441785939545,94.44720203585666,423287.1516424044,0.40000000000170566,1420.0,1420.0,3.399603762499481e-05,0.0,0.49657384846790376
uniform_4,neutral,neutral_step_+1,301.1976360333369,52.47172084176486,446441.96319780475,0.40000000000287983,614.0,614.0,0.0002725659707092376,0.0,0.3481183964648765
uniform_4,neutral,neutral_disturbance,14159.516485234844,29183.24162368391,45113193.32526285,2.8506470016975376,9754.0,9870.0,0.4494620098573936,0.0,0.4264751061631833
uniform_4,alkaline,alkaline_step_-1,342.9759550633661,86.02638079580107,249980.31880646822,0.3999999999999311,1134.0,1134.0,0.001512669361295238,0.0,0.09441647679772575
uniform_4,alkaline,alkaline_step_+1,453.9775605466253,88.4073254514483,558283.5849195389,0.4000000000000181,1492.0,1492.0,0.000982532901901756,0.0,0.1386931578113608
uniform_4,alkaline,alkaline_disturbance,13742.294036559557,28535.059232948905,49430800.8744811,4.2879530893829445,9984.0,inf,0.4958715998707106,0.0,0.2859564122090416
uniform_5,acidic,acidic_step_-1,544.0506240441239,107.46790549899781,766210.0416109645,0.3999999999999968,1846.0,1846.0,0.010494700683122637,0.0,0.13916556746266817
uniform_5,acidic,acidic_step_+1,378.9603124035463,92.4091014404645,328996.79734551715,0.40000000000000036,1230.0,1230.0,0.012839393904496177,0.0,0.09563252573860379
uniform_5,acidic,acidic_disturbance,2449.5428797249947,1265.4588860575395,5587479.509341635,0.6814410233111623,5206.0,5240.0,0.25152399513234336,0.0,0.2739630655280352
uniform_5,neutral,neutral_step_-1,358.4765895769621,82.07944567589864,276277.00535563176,0.40000000000170566,1194.0,1194.0,6.41564938135275e-05,0.0,0.41431959143976715
uniform_5,neutral,neutral_step_+1,433.8734723391428,95.90205582837986,428693.3149198704,0.40000000000287983,1436.0,1436.0,2.8443624982443794e-05,0.0,0.5014625594293614
uniform_5,neutral,neutral_disturbance,16668.110971704904,34989.15721465593,61264175.799787655,2.895186290596535,9914.0,inf,0.45639088900898717,0.0,0.5020322836313058
uniform_5,alkaline,alkaline_step_-1,373.9750191525781,91.12870970657495,322263.46080514905,0.3999999999999311,1210.0,1210.0,0.001324763960629305,0.0,0.10295008497672932
uniform_5,alkaline,alkaline_step_+1,537.6548181019892,106.0187719459577,751269.7910873723,0.4000000000000181,1822.0,1822.0,0.0010500638731771872,0.0,0.1642571153633025
uniform_5,alkaline,alkaline_disturbance,14818.82322088846,31796.400713927662,55048032.056318,4.337528125549779,9984.0,inf,0.5003385223851433,0.0,0.3083573608694363
chord_5,acidic,acidic_step_-1,432.45652148106234,84.16131743260476,511393.798122694,0.3999999999999968,1408.0,1408.0,0.009933567901903473,0.0,0.1106203256738891
chord_5,acidic,acidic_step_+1,341.4210438061168,86.7094949137568,235458.89784233438,0.40000000000000036,1146.0,1146.0,0.014821150740815803,0.0,0.0861593039978291
chord_5,acidic,acidic_disturbance,2467.949560808913,1271.6554053943462,5685238.608765343,0.6792957418768415,5248.0,5282.0,0.2516303160746842,0.0,0.27602171525312724
chord_5,neutral,neutral_step_-1,176.643795721799,35.08569004587222,141520.3224694212,0.40000000000170566,340.0,340.0,0.0006527580437225566,0.0,0.20416112907175707
chord_5,neutral,neutral_step_+1,174.9917773694986,40.485510124619104,90178.87481571597,0.40000000000287983,458.0,458.0,0.0004437986331389254,0.0,0.20225210839857344
chord_5,neutral,neutral_disturbance,10898.850111229303,21983.362550921313,27286882.542421617,2.8186304452796156,7366.0,7410.0,0.44742095091250444,0.0,0.32826602964091595
chord_5,alkaline,alkaline_step_-1,330.1438351030401,76.63897857574365,296946.2411717186,0.3999999999999311,974.0,974.0,0.002066389524506995,0.0,0.09088397389595261
chord_5,alkaline,alkaline_step_+1,464.4064746187924,91.54668078539683,566993.2218521576,0.4000000000000181,1554.0,1554.0,0.0009868667759205252,0.0,0.14187926027746198
chord_5,alkaline,alkaline_disturbance,11259.248082272105,24274.401501291784,32576650.611336187,4.253761934080497,9046.0,9062.0,0.4886953340175637,0.0,0.2342879709321165
fixed_PI,acidic,acidic_step_-1,3909.3766796163,1528.600612271452,19394684.151801813,0.3999999999999968,10000.0,inf,0.0008491266712358225,0.0,1.0
fixed_PI,acidic,acidic_step_+1,3962.6717947340817,1570.3253104158634,19749762.01193328,0.40000000000000036,10000.0,inf,0.000863050806827026,0.0,1.0
fixed_PI,acidic,acidic_disturbance,8941.142759531314,8171.086121928432,46994181.001474984,0.9484466609351547,9966.0,inf,0.0021580992086729367,0.0,1.0
fixed_PI,neutral,neutral_step_-1,865.2175687160974,183.71138411388634,1730580.5380351124,0.40000000000170566,2940.0,2940.0,0.0001022867880076106,0.0,1.0
fixed_PI,neutral,neutral_step_+1,865.2160847917909,183.70949957435647,1730597.5764054286,0.40000000000287983,2940.0,2940.0,0.00010228656402944125,0.0,1.0
fixed_PI,neutral,neutral_disturbance,33201.27313554604,110626.3211679986,168949574.02313867,3.3893159039087233,9998.0,inf,0.00798437639025984,0.0,1.0
fixed_PI,alkaline,alkaline_step_-1,3632.5858228976776,1324.2219434557796,17540175.18567951,0.3999999999999311,10000.0,inf,0.0007765483994823796,0.0,1.0
fixed_PI,alkaline,alkaline_step_+1,3273.251310378907,1086.0113937241326,15268022.739473032,0.4000000000000181,10000.0,inf,0.0006855306983020171,0.0,1.0
fixed_PI,alkaline,alkaline_disturbance,48057.303315561185,231587.5448206088,243454230.83442867,4.880268997273539,9996.0,inf,0.011551250174302474,0.0,1.0
continuous_exact,acidic,acidic_step_-1,1005.4925580159697,211.36094443098816,2289225.532177112,0.3999999999999968,3602.0,3602.0,0.02095087781381544,0.0,0.2572002240814148
continuous_exact,acidic,acidic_step_+1,578.7017738408674,139.97623766003724,652555.2241514712,0.40000000000000036,2014.0,2014.0,0.008906108385120959,0.0,0.1460382801850744
continuous_exact,acidic,acidic_disturbance,2139.8865543348124,1082.498497612708,4379169.480233727,0.6851577736311758,4670.0,4704.0,0.25084157825473863,0.0,0.23933031961196236
continuous_exact,neutral,neutral_step_-1,806.2982041407754,169.5280696146029,1530546.6959064973,0.40000000000170566,2728.0,2728.0,9.319449025735338e-05,0.0,0.931902255911478
continuous_exact,neutral,neutral_step_+1,806.3153716883229,169.53152845308153,1530610.0065900285,0.40000000000287983,2728.0,2728.0,9.319806494012539e-05,0.0,0.9319236961277227
continuous_exact,neutral,neutral_disturbance,16183.624288639232,32448.023749215463,60274725.317475624,2.9771264445717875,9966.0,inf,0.4685348798162057,0.0,0.4874398708317204
continuous_exact,alkaline,alkaline_step_-1,576.8032764647967,139.45444925017128,648433.9188971187,0.3999999999999311,2006.0,2006.0,0.0008912199725727987,0.0,0.15878586345543969
continuous_exact,alkaline,alkaline_step_+1,1005.5098758690647,211.23264999795367,2291111.9973826907,0.4000000000000181,3602.0,3602.0,0.0021143092950302034,0.0,0.30718994068092753
continuous_exact,alkaline,alkaline_disturbance,15747.996117396968,39378.24432496446,62292582.07379837,4.428837612758768,9778.0,inf,0.4984196761190782,0.0,0.3276920474290885
