family,scenario,change,before,after,IAE_before,IAE_after,IAE_difference,IAE_change_percent,unsettled_before,unsettled_after,loop_gain_max_min_before,loop_gain_max_min_dense_before,loop_gain_max_min_after,loop_gain_max_min_dense_after,flatness_change_percent,compensation_improved,tracking_worsened,isolated_anchor_addition,flatter_but_worse_tracking
reference_PI,standardised,gain input only,A_original3,B_analytic3,194905.1955767917,47610.63108814867,-147294.56448864302,-75.57241563148052,3,0,72.23249429764387,72.2343003439404,21.320954507392067,21.321010267055424,-70.48287655755571,True,False,False,False
reference_PI,standardised,insert pH 7 only,B_analytic3,C_add7,47610.63108814867,58166.314145968325,10555.683057819651,22.170853056487204,0,0,21.320954507392067,21.321010267055424,7.6705582409222615,7.670597574814118,-64.0233825447972,True,True,True,True
reference_PI,standardised,insert pH 8 only,C_add7,D_add8,58166.314145968325,65718.64546389283,7552.331317924501,12.98402937991212,0,1,7.6705582409222615,7.670597574814118,5.04636926363277,5.046387483663564,-34.211186394355245,True,True,True,True
reference_PI,standardised,resample Ti/Td only,D_add8,D2_resample_Ti_Td,65718.64546389283,64682.122990541546,-1036.5224733512805,-1.5772121686847165,1,1,5.04636926363277,5.046387483663564,5.04636926363277,5.046387483663564,0.0,False,False,False,False
reference_PI,standardised,retuning only,D2_resample_Ti_Td,E_original5_retuned,64682.122990541546,22291.45863025218,-42390.66436028937,-65.53690942779993,1,0,5.04636926363277,5.046387483663564,5.046369263632771,5.046387483663567,2.220446049250313e-14,False,False,False,False
reference_PI,standardised,move Kc anchors at fixed count,D_add8,P_move_interior_Kc,65718.64546389283,66136.52855697954,417.8830930867116,0.6358668687356017,1,0,5.04636926363277,5.046387483663564,4.409689545881646,4.428406271565064,-12.61658995784214,True,True,False,True
reference_PI,standardised,original bundled change (not isolated),A_original3,E_original5_retuned,194905.1955767917,22291.45863025218,-172613.73694653955,-88.5629223149829,3,0,72.23249429764387,72.2343003439404,5.046369263632771,5.046387483663567,-93.01371313187869,True,False,False,False
reference_PI,wide,gain input only,A_original3,B_analytic3,93807.65142887711,7489.555946556156,-86318.09548232096,-92.0160500423203,3,0,72.23249429764387,72.2343003439404,21.320954507392067,21.321010267055424,-70.48287655755571,True,False,False,False
reference_PI,wide,insert pH 7 only,B_analytic3,C_add7,7489.555946556156,9889.354117419643,2399.798170863489,32.04192862684954,0,0,21.320954507392067,21.321010267055424,7.6705582409222615,7.670597574814118,-64.0233825447972,True,True,True,True
reference_PI,wide,insert pH 8 only,C_add7,D_add8,9889.354117419643,11586.63415245956,1697.280035039914,17.16269854317616,0,0,7.6705582409222615,7.670597574814118,5.04636926363277,5.046387483663564,-34.211186394355245,True,True,True,True
reference_PI,wide,resample Ti/Td only,D_add8,D2_resample_Ti_Td,11586.63415245956,11844.18087001818,257.5467175586218,2.2227914868957033,0,0,5.04636926363277,5.046387483663564,5.04636926363277,5.046387483663564,0.0,False,True,False,False
reference_PI,wide,retuning only,D2_resample_Ti_Td,E_original5_retuned,11844.18087001818,6687.652638466813,-5156.528231551368,-43.53638540428209,0,0,5.04636926363277,5.046387483663564,5.046369263632771,5.046387483663567,2.220446049250313e-14,False,False,False,False
reference_PI,wide,move Kc anchors at fixed count,D_add8,P_move_interior_Kc,11586.63415245956,11531.302349057596,-55.33180340196304,-0.4775485501129495,0,0,5.04636926363277,5.046387483663564,4.409689545881646,4.428406271565064,-12.61658995784214,True,False,False,False
reference_PI,wide,original bundled change (not isolated),A_original3,E_original5_retuned,93807.65142887711,6687.652638466813,-87119.9987904103,-92.87088788963314,3,0,72.23249429764387,72.2343003439404,5.046369263632771,5.046387483663567,-93.01371313187869,True,False,False,False
reference_PI,regulatory,gain input only,A_original3,B_analytic3,65735.67526604763,12362.938695477911,-53372.73657056972,-81.19295398511963,0,0,72.23249429764387,72.2343003439404,21.320954507392067,21.321010267055424,-70.48287655755571,True,False,False,False
reference_PI,regulatory,insert pH 7 only,B_analytic3,C_add7,12362.938695477911,16489.72835103864,4126.789655560729,33.380329363521135,0,0,21.320954507392067,21.321010267055424,7.6705582409222615,7.670597574814118,-64.0233825447972,True,True,True,True
reference_PI,regulatory,insert pH 8 only,C_add7,D_add8,16489.72835103864,19691.96306372454,3202.2347126858986,19.419572260474503,0,0,7.6705582409222615,7.670597574814118,5.04636926363277,5.046387483663564,-34.211186394355245,True,True,True,True
reference_PI,regulatory,resample Ti/Td only,D_add8,D2_resample_Ti_Td,19691.96306372454,18989.760239182004,-702.2028245425354,-3.565936124652269,0,0,5.04636926363277,5.046387483663564,5.04636926363277,5.046387483663564,0.0,False,False,False,False
reference_PI,regulatory,retuning only,D2_resample_Ti_Td,E_original5_retuned,18989.760239182004,6920.541100034519,-12069.219139147484,-63.556458781637424,0,0,5.04636926363277,5.046387483663564,5.046369263632771,5.046387483663567,2.220446049250313e-14,False,False,False,False
reference_PI,regulatory,move Kc anchors at fixed count,D_add8,P_move_interior_Kc,19691.96306372454,19270.862099805327,-421.1009639192125,-2.138440756548754,0,0,5.04636926363277,5.046387483663564,4.409689545881646,4.428406271565064,-12.61658995784214,True,False,False,False
reference_PI,regulatory,original bundled change (not isolated),A_original3,E_original5_retuned,65735.67526604763,6920.541100034519,-58815.134166013115,-89.47216854162451,0,0,72.23249429764387,72.2343003439404,5.046369263632771,5.046387483663567,-93.01371313187869,True,False,False,False
IMC_PID,standardised,gain input only,A_original3,B_analytic3,137002.8456823477,147719.50297321277,10716.657290865083,7.822215106182928,1,1,72.23303543832098,72.23484113575444,21.321022701407912,21.321078547668403,-70.48300327955384,True,True,False,True
IMC_PID,standardised,insert pH 7 only,B_analytic3,C_add7,147719.50297321277,158364.72575278315,10645.22277957038,7.206375979684121,1,2,21.321022701407912,21.321078547668403,7.67056820271799,7.6706075735680725,-64.02345089097685,True,True,True,True
IMC_PID,standardised,insert pH 8 only,C_add7,D_add8,158364.72575278315,163849.3865347788,5484.660781995655,3.4633096201975855,2,2,7.67056820271799,7.6706075735680725,5.046337067448542,5.046355250857184,-34.21169157116128,True,True,True,True
IMC_PID,standardised,resample Ti/Td only,D_add8,D2_resample_Ti_Td,163849.3865347788,165607.5661341869,1758.1795994080894,1.0730461899135069,2,2,5.046337067448542,5.046355250857184,5.046337067448542,5.046355250857184,0.0,False,True,False,False
IMC_PID,standardised,retuning only,D2_resample_Ti_Td,E_original5_retuned,165607.5661341869,32566.61528525011,-133040.9508489368,-80.33506798906618,2,0,5.046337067448542,5.046355250857184,5.0463370674485395,5.046355250857182,-5.551115123125783e-14,False,False,False,False
IMC_PID,standardised,move Kc anchors at fixed count,D_add8,P_move_interior_Kc,163849.3865347788,159205.40156101625,-4643.984973762563,-2.8343011054098977,2,2,5.046337067448542,5.046355250857184,4.409602152078573,4.428318480722423,-12.617764268606535,True,False,False,False
IMC_PID,standardised,original bundled change (not isolated),A_original3,E_original5_retuned,137002.8456823477,32566.61528525011,-104436.23039709758,-76.22924171899432,1,0,72.23303543832098,72.23484113575444,5.0463370674485395,5.046355250857182,-93.01381004297188,True,False,False,False
IMC_PID,wide,gain input only,A_original3,B_analytic3,22863.758491815457,23511.21958811249,647.4610962970328,2.8318226704887817,1,1,72.23303543832098,72.23484113575444,21.321022701407912,21.321078547668403,-70.48300327955384,True,True,False,True
IMC_PID,wide,insert pH 7 only,B_analytic3,C_add7,23511.21958811249,28249.26973591919,4738.050147806702,20.152294227230595,1,1,21.321022701407912,21.321078547668403,7.67056820271799,7.6706075735680725,-64.02345089097685,True,True,True,True
IMC_PID,wide,insert pH 8 only,C_add7,D_add8,28249.26973591919,33657.251409850534,5407.981673931343,19.143792828934792,1,1,7.67056820271799,7.6706075735680725,5.046337067448542,5.046355250857184,-34.21169157116128,True,True,True,True
IMC_PID,wide,resample Ti/Td only,D_add8,D2_resample_Ti_Td,33657.251409850534,35941.56702896963,2284.3156191190938,6.786993956525333,1,1,5.046337067448542,5.046355250857184,5.046337067448542,5.046355250857184,0.0,False,True,False,False
IMC_PID,wide,retuning only,D2_resample_Ti_Td,E_original5_retuned,35941.56702896963,7391.053899984522,-28550.513128985105,-79.43591637496723,1,0,5.046337067448542,5.046355250857184,5.0463370674485395,5.046355250857182,-5.551115123125783e-14,False,False,False,False
IMC_PID,wide,move Kc anchors at fixed count,D_add8,P_move_interior_Kc,33657.251409850534,27561.275933809044,-6095.975476041491,-18.111923049834576,1,1,5.046337067448542,5.046355250857184,4.409602152078573,4.428318480722423,-12.617764268606535,True,False,False,False
IMC_PID,wide,original bundled change (not isolated),A_original3,E_original5_retuned,22863.758491815457,7391.053899984522,-15472.704591830934,-67.67349557759587,1,0,72.23303543832098,72.23484113575444,5.0463370674485395,5.046355250857182,-93.01381004297188,True,False,False,False
IMC_PID,regulatory,gain input only,A_original3,B_analytic3,44692.05513750283,28781.711356247488,-15910.343781255342,-35.59993768982971,0,0,72.23303543832098,72.23484113575444,21.321022701407912,21.321078547668403,-70.48300327955384,True,False,False,False
IMC_PID,regulatory,insert pH 7 only,B_analytic3,C_add7,28781.711356247488,30292.121447940255,1510.4100916927673,5.247811962942617,0,0,21.321022701407912,21.321078547668403,7.67056820271799,7.6706075735680725,-64.02345089097685,True,True,True,True
IMC_PID,regulatory,insert pH 8 only,C_add7,D_add8,30292.121447940255,31441.55699456267,1149.4355466224151,3.794503295511431,0,0,7.67056820271799,7.6706075735680725,5.046337067448542,5.046355250857184,-34.21169157116128,True,True,True,True
IMC_PID,regulatory,resample Ti/Td only,D_add8,D2_resample_Ti_Td,31441.55699456267,31745.192172644085,303.6351780814148,0.9657129197956804,0,0,5.046337067448542,5.046355250857184,5.046337067448542,5.046355250857184,0.0,False,True,False,False
IMC_PID,regulatory,retuning only,D2_resample_Ti_Td,E_original5_retuned,31745.192172644085,8136.178832701685,-23609.0133399424,-74.37035886110368,0,0,5.046337067448542,5.046355250857184,5.0463370674485395,5.046355250857182,-5.551115123125783e-14,False,False,False,False
IMC_PID,regulatory,move Kc anchors at fixed count,D_add8,P_move_interior_Kc,31441.55699456267,31886.614221375487,445.0572268128162,1.4155063214260633,0,0,5.046337067448542,5.046355250857184,4.409602152078573,4.428318480722423,-12.617764268606535,True,True,False,True
IMC_PID,regulatory,original bundled change (not isolated),A_original3,E_original5_retuned,44692.05513750283,8136.178832701685,-36555.876304801146,-81.79502193920301,0,0,72.23303543832098,72.23484113575444,5.0463370674485395,5.046355250857182,-93.01381004297188,True,False,False,False
