family,stage,loop_gain_min,loop_gain_max,loop_gain_max_min,loop_gain_max_min_dense
reference_PI,A_original3,0.8340617423490593,60.24636004811133,72.23249429764387,72.2343003439404
reference_PI,B_analytic3,0.40458957854143995,8.62623599824697,21.320954507392067,21.321010267055424
reference_PI,C_add7,0.40458957854143995,3.1034279258723068,7.6705582409222615,7.670597574814118
reference_PI,D_add8,0.40458957854143995,2.041708413537659,5.04636926363277,5.046387483663564
reference_PI,D2_resample_Ti_Td,0.40458957854143995,2.041708413537659,5.04636926363277,5.046387483663564
reference_PI,E_original5_retuned,2.0229478927072,10.208542067688299,5.046369263632771,5.046387483663567
reference_PI,P_move_interior_Kc,0.33287714425697656,1.467884863092926,4.409689545881646,4.428406271565064
IMC_PID,A_original3,0.2590276452925453,18.710353081921262,72.23303543832098,72.23484113575444
IMC_PID,B_analytic3,0.12565081833823216,2.6790039502399297,21.321022701407912,21.321078547668403
IMC_PID,C_add7,0.12565081833823216,0.9638131717907381,7.67056820271799,7.6706075735680725
IMC_PID,D_add8,0.12565081833823216,0.634076382135464,5.046337067448542,5.046355250857184
IMC_PID,D2_resample_Ti_Td,0.12565081833823216,0.634076382135464,5.046337067448542,5.046355250857184
IMC_PID,E_original5_retuned,1.1899871619091402,6.005076324929981,5.0463370674485395,5.046355250857182
IMC_PID,P_move_interior_Kc,0.10338180918907017,0.45587264828590024,4.409602152078573,4.428318480722423
