family,stage,scenario,whole_IAE,whole_ISE,whole_ITAE,mean_step_IAE,steps_not_settled,actuator_total_variation,max_abs_error,sample_interval_s,represented_delay_s,IAE_ratio_to_fixed_C1,loop_gain_min,loop_gain_max,loop_gain_max_min,loop_gain_max_min_dense
reference_PI,A_original3,standardised,194905.1955767917,357039.4703595342,17030714354.171911,43044.87835461463,3,48.97099558822931,3.623250499621726,20.00235321802565,100.01176609012823,2.111948221858346,0.8340617423490593,60.24636004811133,72.23249429764387,72.2343003439404
reference_PI,A_original3,wide,93807.65142887711,153179.38087028664,6101636355.003071,15634.608571479515,3,28.53104810748288,2.808050096936179,20.002667022269637,100.01333511134818,3.731725458871667,0.8340617423490593,60.24636004811133,72.23249429764387,72.2343003439404
reference_PI,A_original3,regulatory,65735.67526604763,119168.28079412604,2546142522.6039734,,0,16.920731434186408,3.056007766514999,20.006668889629875,100.03334444814938,1.5651591426396243,0.8340617423490593,60.24636004811133,72.23249429764387,72.2343003439404
reference_PI,B_analytic3,standardised,47610.63108814867,103131.38814351668,3579264764.4138355,11745.227576187855,0,1.8271306971514107,3.135448385907454,20.00235321802565,100.01176609012823,0.5158979337138941,0.40458957854143995,8.62623599824697,21.320954507392067,21.321010267055424
reference_PI,B_analytic3,wide,7489.555946556156,5462.361583737754,459354391.1406915,1248.2593244260256,0,0.299900699363814,2.1796482387560374,20.002667022269637,100.01333511134818,0.2979390931943071,0.40458957854143995,8.62623599824697,21.320954507392067,21.321010267055424
reference_PI,B_analytic3,regulatory,12362.938695477911,29137.08012264845,276975896.64081943,,0,0.4602484682508354,3.0499938058131444,20.006668889629875,100.03334444814938,0.2943602001623412,0.40458957854143995,8.62623599824697,21.320954507392067,21.321010267055424
reference_PI,C_add7,standardised,58166.314145968325,115833.31883377596,4263733041.312325,13903.796622365411,0,1.8705152977561683,3.1986686339927957,20.00235321802565,100.01176609012823,0.6302769065190553,0.40458957854143995,3.1034279258723068,7.6705582409222615,7.670597574814118
reference_PI,C_add7,wide,9889.354117419643,7415.873073213364,591535749.9988263,1648.2256862366069,0,0.2955666491922875,2.3363355340589376,20.002667022269637,100.01333511134818,0.3934045247871097,0.40458957854143995,3.1034279258723068,7.6705582409222615,7.670597574814118
reference_PI,C_add7,regulatory,16489.72835103864,34001.902775542505,391159411.91360706,,0,0.4923305592702505,3.0583503554935634,20.006668889629875,100.03334444814938,0.3926186044916507,0.40458957854143995,3.1034279258723068,7.6705582409222615,7.670597574814118
reference_PI,D_add8,standardised,65718.64546389283,128196.4521220662,4723574055.6967945,15356.021300589477,1,1.9072490880824775,3.2634431759033076,20.00235321802565,100.01176609012823,0.7121122452362907,0.40458957854143995,2.041708413537659,5.04636926363277,5.046387483663564
reference_PI,D_add8,wide,11586.63415245956,9481.584332872077,703724596.5678914,1931.105692076593,0,0.2893863354559247,2.445403614348953,20.002667022269637,100.01333511134818,0.4609233574315361,0.40458957854143995,2.041708413537659,5.04636926363277,5.046387483663564
reference_PI,D_add8,regulatory,19691.96306372454,38330.76424543055,487163953.73630625,,0,0.515325401268452,3.0583503554935634,20.006668889629875,100.03334444814938,0.4688634580989734,0.40458957854143995,2.041708413537659,5.04636926363277,5.046387483663564
reference_PI,D2_resample_Ti_Td,standardised,64682.122990541546,127040.06214945704,4671837217.184029,15252.386651501887,1,1.8829741244719769,3.264897652575451,20.00235321802565,100.01176609012823,0.70088072424973,0.40458957854143995,2.041708413537659,5.04636926363277,5.046387483663564
reference_PI,D2_resample_Ti_Td,wide,11844.18087001818,9951.347462634092,725650780.6158156,1974.03014500303,0,0.2839730257040767,2.461911547653589,20.002667022269637,100.01333511134818,0.4711687225816381,0.40458957854143995,2.041708413537659,5.04636926363277,5.046387483663564
reference_PI,D2_resample_Ti_Td,regulatory,18989.760239182004,37595.77775985115,464806691.2211951,,0,0.501511769210162,3.0583634065672856,20.006668889629875,100.03334444814938,0.4521440866713282,0.40458957854143995,2.041708413537659,5.04636926363277,5.046387483663564
reference_PI,E_original5_retuned,standardised,22291.45863025218,40645.27349549317,1453212841.9982734,5236.167831996161,0,3.446907731560037,3.681102608364034,20.00235321802565,100.01176609012823,0.2415451588012762,2.0229478927072,10.208542067688299,5.046369263632771,5.046387483663567
reference_PI,E_original5_retuned,wide,6687.652638466813,8602.774713906501,346080323.122159,1114.6087730778015,0,1.698617152563986,3.226638083267961,20.002667022269637,100.01333511134818,0.2660388916140634,2.0229478927072,10.208542067688299,5.046369263632771,5.046387483663567
reference_PI,E_original5_retuned,regulatory,6920.541100034519,11382.354660439623,152419363.62490034,,0,0.8288572657801518,2.7761583978512308,20.006668889629875,100.03334444814938,0.1647773165924544,2.0229478927072,10.208542067688299,5.046369263632771,5.046387483663567
reference_PI,P_move_interior_Kc,standardised,66136.52855697954,135757.64456458748,4854297027.527398,15622.782714632436,0,1.865751171414912,3.3166296281528904,20.00235321802565,100.01176609012823,0.7166403310719575,0.33287714425697656,1.467884863092926,4.409689545881646,4.428406271565064
reference_PI,P_move_interior_Kc,wide,11531.302349057596,9578.441239323463,679107408.0357394,1921.8837248429325,0,0.2619527517060565,2.4006076635071523,20.002667022269637,100.01333511134818,0.4587222246209898,0.33287714425697656,1.467884863092926,4.409689545881646,4.428406271565064
reference_PI,P_move_interior_Kc,regulatory,19270.862099805327,40270.25218730833,467419713.5454374,,0,0.4873723510433585,3.077876184012379,20.006668889629875,100.03334444814938,0.4588370908184211,0.33287714425697656,1.467884863092926,4.409689545881646,4.428406271565064
IMC_PID,A_original3,standardised,137002.8456823477,296226.95823674684,12263198245.13818,30773.196202866256,1,4.231695524540896,3.246968968031388,20.00235321802565,100.01176609012823,1.484531571732103,0.2590276452925453,18.710353081921262,72.23303543832098,72.23484113575444
IMC_PID,A_original3,wide,22863.758491815457,14012.053487962963,959496112.4722792,3810.626415302577,1,1.0963354557780436,1.1893869441301763,20.002667022269637,100.01333511134818,0.9095342261509416,0.2590276452925453,18.710353081921262,72.23303543832098,72.23484113575444
IMC_PID,A_original3,regulatory,44692.05513750283,103151.62319601695,1370503258.300341,,0,1.8106345260591947,3.2469738954587415,20.006668889629875,100.03334444814938,1.064112879630612,0.2590276452925453,18.710353081921262,72.23303543832098,72.23484113575444
IMC_PID,B_analytic3,standardised,147719.50297321277,365191.93085819326,12417037152.890509,39649.206645227576,1,1.345245067408884,3.3668282691645057,20.00235321802565,100.01176609012823,1.6006548245921866,0.12565081833823216,2.6790039502399297,21.321022701407912,21.321078547668403
IMC_PID,B_analytic3,wide,23511.21958811249,12988.2581844647,1676900819.0747695,3918.536598018747,1,0.1846502214812071,1.0019058451729954,20.002667022269637,100.01333511134818,0.9352906225629384,0.12565081833823216,2.6790039502399297,21.321022701407912,21.321078547668403
IMC_PID,B_analytic3,regulatory,28781.711356247488,74754.68037505046,721565504.4573585,,0,0.283991110794493,3.239027139910698,20.006668889629875,100.03334444814938,0.6852893575326616,0.12565081833823216,2.6790039502399297,21.321022701407912,21.321078547668403
IMC_PID,C_add7,standardised,158364.72575278315,374542.0836586315,13414327335.635508,42690.67403025632,2,1.3438918073577255,3.368223816786142,20.00235321802565,100.01176609012823,1.716004029389253,0.12565081833823216,0.9638131717907381,7.67056820271799,7.6706075735680725
IMC_PID,C_add7,wide,28249.26973591919,16605.83798687608,1950949269.4939444,4708.211622653197,1,0.1835477752881216,1.3549587356853046,20.002667022269637,100.01333511134818,1.1237731407015186,0.12565081833823216,0.9638131717907381,7.67056820271799,7.6706075735680725
IMC_PID,C_add7,regulatory,30292.121447940255,77125.94853440896,770915579.2816164,,0,0.2834337959326207,3.2436669593542127,20.006668889629875,100.03334444814938,0.7212520544180332,0.12565081833823216,0.9638131717907381,7.67056820271799,7.6706075735680725
IMC_PID,D_add8,standardised,163849.3865347788,381783.8537495404,13975461524.200869,44135.50869754614,2,1.341253655597086,3.3719688864597046,20.00235321802565,100.01176609012823,1.7754345620220688,0.12565081833823216,0.634076382135464,5.046337067448542,5.046355250857184
IMC_PID,D_add8,wide,33657.251409850534,21060.766569845524,2319204563.3092647,5609.541901641755,1,0.1833778409509729,1.4525706438189063,20.002667022269637,100.01333511134818,1.338905942624631,0.12565081833823216,0.634076382135464,5.046337067448542,5.046355250857184
IMC_PID,D_add8,regulatory,31441.55699456267,78232.68968061994,812270107.4526181,,0,0.2823517300555416,3.2436669593542127,20.006668889629875,100.03334444814938,0.7486199873918693,0.12565081833823216,0.634076382135464,5.046337067448542,5.046355250857184
IMC_PID,D2_resample_Ti_Td,standardised,165607.5661341869,384530.9467923484,14169681605.226828,44621.160395652725,2,1.3388630389688512,3.3727314135968243,20.00235321802565,100.01176609012823,1.7944857949442543,0.12565081833823216,0.634076382135464,5.046337067448542,5.046355250857184
IMC_PID,D2_resample_Ti_Td,wide,35941.56702896963,22750.047336565367,2487858357.3270206,5990.261171494939,1,0.1833540943921017,1.4755820869835166,20.002667022269637,100.01333511134818,1.4297774080341237,0.12565081833823216,0.634076382135464,5.046337067448542,5.046355250857184
IMC_PID,D2_resample_Ti_Td,regulatory,31745.192172644085,79009.99488369445,820460981.3646729,,0,0.2807926256382043,3.243631322194687,20.006668889629875,100.03334444814938,0.7558495073302853,0.12565081833823216,0.634076382135464,5.046337067448542,5.046355250857184
IMC_PID,E_original5_retuned,standardised,32566.61528525011,66697.95820928917,2251680153.617203,8134.170707963189,0,2.49555364678819,3.246519910762176,20.00235321802565,100.01176609012823,0.3528844115216528,1.1899871619091402,6.005076324929981,5.0463370674485395,5.046355250857182
IMC_PID,E_original5_retuned,wide,7391.053899984522,5712.415040060983,461484321.02009255,1231.8423166640869,0,0.7803140475424728,2.4256074282783615,20.002667022269637,100.01333511134818,0.2940206218399632,1.1899871619091402,6.005076324929981,5.0463370674485395,5.046355250857182
IMC_PID,E_original5_retuned,regulatory,8136.178832701685,17078.504509018392,177470274.40837926,,0,0.6395882782380182,2.94197082919535,20.006668889629875,100.03334444814938,0.193721516278868,1.1899871619091402,6.005076324929981,5.0463370674485395,5.046355250857182
IMC_PID,P_move_interior_Kc,standardised,159205.40156101625,378492.7108068645,13315008415.017063,42439.86753693962,2,1.3147022755462805,3.371024439120209,20.00235321802565,100.01176609012823,1.725113400604848,0.10338180918907017,0.45587264828590024,4.409602152078573,4.428318480722423
IMC_PID,P_move_interior_Kc,wide,27561.275933809044,14891.95610961778,2025339354.6904335,4593.545988968174,1,0.1796952639524178,1.0083488710870387,20.002667022269637,100.01333511134818,1.0964043285867957,0.10338180918907017,0.45587264828590024,4.409602152078573,4.428318480722423
IMC_PID,P_move_interior_Kc,regulatory,31886.614221375487,79514.81862708957,824929836.7381457,,0,0.2764178968209538,3.2468761620785824,20.006668889629875,100.03334444814938,0.7592167506368602,0.10338180918907017,0.45587264828590024,4.409602152078573,4.428318480722423
