family,stage,free_parameter,Kc_anchors,Ti_anchors,Td_anchors
reference_PI,A_original3,0.02,"[(4, np.float64(0.03549418087764338)), (6, np.float64(0.002842917950311397)), (9, np.float64(0.07216362531913477))]","[(4, np.float64(1320.8457411132383)), (6, np.float64(374.2532478404986)), (9, np.float64(228.47061763319692))]",0.0
reference_PI,B_analytic3,0.02,"[(4.0, np.float64(0.055030148741065966)), (6.0, np.float64(0.0010194888324461557)), (9.0, np.float64(0.0093356109462541))]","[(4.0, np.float64(1320.8457411132383)), (6.0, np.float64(374.2532478404986)), (9.0, np.float64(228.47061763319692))]",0.0
reference_PI,C_add7,0.02,"[(4.0, np.float64(0.055030148741065966)), (6.0, np.float64(0.0010194888324461557)), (7.0, np.float64(0.0002019189507381862)), (9.0, np.float64(0.0093356109462541))]","[(4.0, np.float64(1320.8457411132383)), (6.0, np.float64(374.2532478404986)), (9.0, np.float64(228.47061763319692))]",0.0
reference_PI,D_add8,0.02,"[(4.0, np.float64(0.055030148741065966)), (6.0, np.float64(0.0010194888324461557)), (7.0, np.float64(0.0002019189507381862)), (8.0, np.float64(0.0010198926299728325)), (9.0, np.float64(0.0093356109462541))]","[(4.0, np.float64(1320.8457411132383)), (6.0, np.float64(374.2532478404986)), (9.0, np.float64(228.47061763319692))]",0.0
reference_PI,D2_resample_Ti_Td,0.02,"[(4, np.float64(0.055030148741065966)), (6, np.float64(0.0010194888324461557)), (7, np.float64(0.0002019189507381862)), (8, np.float64(0.0010198926299728325)), (9, np.float64(0.0093356109462541))]","[(4, np.float64(1320.8457411132383)), (6, np.float64(374.2532478404986)), (7, np.float64(374.2532478404986)), (8, np.float64(374.2532478404986)), (9, np.float64(228.47061763319692))]",0.0
reference_PI,E_original5_retuned,0.1,"[(4, np.float64(0.2751507437053298)), (6, np.float64(0.005097444162230779)), (7, np.float64(0.001009594753690931)), (8, np.float64(0.005099463149864162)), (9, np.float64(0.046678054731270506))]","[(4, np.float64(1320.8457411132383)), (6, np.float64(374.2532478404986)), (7, np.float64(374.2532478404986)), (8, np.float64(374.2532478404986)), (9, np.float64(228.47061763319692))]",0.0
reference_PI,P_move_interior_Kc,0.02,"[(4.0, np.float64(0.055030148741065966)), (5.5, np.float64(0.0024144632418441714)), (7.0, np.float64(0.0002019189507381862)), (8.5, np.float64(0.0031040112077228665)), (9.0, np.float64(0.0093356109462541))]","[(4.0, np.float64(1320.8457411132383)), (6.0, np.float64(374.2532478404986)), (9.0, np.float64(228.47061763319692))]",0.0
IMC_PID,A_original3,80.0,"[(4, np.float64(0.011023109713627152)), (6, np.float64(0.0008829254544465471)), (9, np.float64(0.022411399246345463))]","[(4, np.float64(1391.0863533576994)), (6, np.float64(683.4622109471111)), (9, np.float64(386.46071754922286))]","[(4, np.float64(104.75626433483168)), (6, np.float64(29.752420712226062)), (9, np.float64(18.159225273252634))]"
IMC_PID,B_analytic3,80.0,"[(4.0, np.float64(0.017090220203167743)), (6.0, np.float64(0.0003166227996809075)), (9.0, np.float64(0.0028993014583148457))]","[(4.0, 1391.0863533576994), (6.0, 683.4622109471111), (9.0, 386.46071754922286)]","[(4.0, 104.75626433483168), (6.0, 29.752420712226062), (9.0, 18.159225273252634)]"
IMC_PID,C_add7,80.0,"[(4.0, np.float64(0.017090220203167743)), (6.0, np.float64(0.0003166227996809075)), (7.0, np.float64(6.270999883143137e-05)), (9.0, np.float64(0.0028993014583148457))]","[(4.0, 1391.0863533576994), (6.0, 683.4622109471111), (9.0, 386.46071754922286)]","[(4.0, 104.75626433483168), (6.0, 29.752420712226062), (9.0, 18.159225273252634)]"
IMC_PID,D_add8,80.0,"[(4.0, np.float64(0.017090220203167743)), (6.0, np.float64(0.0003166227996809075)), (7.0, np.float64(6.270999883143137e-05)), (8.0, np.float64(0.00031674820713936273)), (9.0, np.float64(0.0028993014583148457))]","[(4.0, 1391.0863533576994), (6.0, 683.4622109471111), (9.0, 386.46071754922286)]","[(4.0, 104.75626433483168), (6.0, 29.752420712226062), (9.0, 18.159225273252634)]"
IMC_PID,D2_resample_Ti_Td,80.0,"[(4, np.float64(0.017090220203167743)), (6, np.float64(0.0003166227996809075)), (7, np.float64(6.270999883143137e-05)), (8, np.float64(0.00031674820713936273)), (9, np.float64(0.0028993014583148457))]","[(4, np.float64(1391.0863533576994)), (6, np.float64(683.4622109471111)), (7, np.float64(683.4622109471111)), (8, np.float64(683.4622109471111)), (9, np.float64(386.46071754922286))]","[(4, np.float64(104.75626433483168)), (6, np.float64(29.752420712226062)), (7, np.float64(29.752420712226062)), (8, np.float64(29.752420712226062)), (9, np.float64(18.159225273252634))]"
IMC_PID,E_original5_retuned,8.0,"[(4, np.float64(0.16185443839470626)), (6, np.float64(0.0029986041616838887)), (7, np.float64(0.0005939005771682618)), (8, np.float64(0.002999791844084553)), (9, np.float64(0.02745809028168766))]","[(4, np.float64(1391.0863533576994)), (6, np.float64(683.4622109471111)), (7, np.float64(683.4622109471111)), (8, np.float64(683.4622109471111)), (9, np.float64(386.46071754922286))]","[(4, np.float64(104.75626433483168)), (6, np.float64(29.752420712226062)), (7, np.float64(29.752420712226062)), (8, np.float64(29.752420712226062)), (9, np.float64(18.159225273252634))]"
IMC_PID,P_move_interior_Kc,80.0,"[(4.0, np.float64(0.017090220203167743)), (5.5, np.float64(0.0007498609697428786)), (7.0, np.float64(6.270999883143137e-05)), (8.5, np.float64(0.0009639923637422668)), (9.0, np.float64(0.0028993014583148457))]","[(4.0, 1391.0863533576994), (6.0, 683.4622109471111), (9.0, 386.46071754922286)]","[(4.0, 104.75626433483168), (6.0, 29.752420712226062), (9.0, 18.159225273252634)]"
