family,stage,scenario,Step,Time,SP_Transition,IAE,ISE,ITAE,Overshoot,Settling_Time
reference_PI,A_original3,standardised,1,60007.05965407695,7.00 -> 8.00,29522.324154638543,60294.712390341534,286655523.7263644,2.2325662842730285,inf
reference_PI,A_original3,standardised,2,80009.4128721026,8.00 -> 7.00,30798.503970911395,50406.733406233616,306792935.46225476,2.2020285585458597,inf
reference_PI,A_original3,standardised,3,100011.76609012825,7.00 -> 6.00,68813.80693829394,127163.8612274829,2772395156.846435,2.531592645648877,inf
reference_PI,A_original3,wide,1,5000.666755567409,4.00 -> 5.00,3127.4700124061455,2091.059331478225,6511690.684740405,0.001503230592278193,6200.826776903587
reference_PI,A_original3,wide,2,30004.000533404454,5.00 -> 6.00,33519.42709957173,57606.13006133444,513946144.3614435,2.374788248708029,inf
reference_PI,A_original3,wide,3,60008.00106680891,6.00 -> 7.00,30592.587108304386,49842.49389933694,305653418.2976359,2.0671324173892174,inf
reference_PI,A_original3,wide,4,80010.66808907855,7.00 -> 8.00,25550.711633896473,43260.01685668351,258794549.04199126,1.191770273073237,inf
reference_PI,A_original3,wide,5,100013.33511134819,8.00 -> 9.00,396.9315517210235,108.4431012982052,315498.7833448733,0.4037138949494299,1640.2186958261009
reference_PI,A_original3,wide,6,120016.00213361782,9.00 -> 10.00,620.524022977342,271.23762015532765,757941.3637052348,0.08844487814507218,3400.4533937858505
reference_PI,B_analytic3,standardised,1,60007.05965407695,7.00 -> 8.00,18419.990761046145,41058.57921598291,164445766.47803006,2.5066793220737935,14581.715495940705
reference_PI,B_analytic3,standardised,2,80009.4128721026,8.00 -> 7.00,775.1140779556978,576.8443090736117,397731.62423792656,0.9347285310999558,1560.18355100599
reference_PI,B_analytic3,standardised,3,100011.76609012825,7.00 -> 6.00,16040.577889561719,32331.592288888067,365601147.7016823,2.4738794706495004,30463.583951053064
reference_PI,B_analytic3,wide,1,5000.666755567409,4.00 -> 5.00,1931.8779907006501,1304.7825347889618,2483425.3871007776,0.01013164349303608,3700.4933991198823
reference_PI,B_analytic3,wide,2,30004.000533404454,5.00 -> 6.00,1904.8318323468434,2251.960969461404,2411207.5401527947,2.1796482387560374,4580.610748099745
reference_PI,B_analytic3,wide,3,60008.00106680891,6.00 -> 7.00,619.039030831976,467.7485517719635,234612.61531636186,0.11454337264340086,1320.1760234698013
reference_PI,B_analytic3,wide,4,80010.66808907855,7.00 -> 8.00,214.47699976798532,139.97667126482577,53781.29615163942,0.0529393531574609,820.1093479130504
reference_PI,B_analytic3,wide,5,100013.33511134819,8.00 -> 9.00,613.7895782003822,292.8693215609572,613457.8955840687,0.06970568881266637,3060.4080544072494
reference_PI,B_analytic3,wide,6,120016.00213361782,9.00 -> 10.00,2205.5405147083166,1005.0235348896416,6349612.293535255,0.0,7460.994799306587
reference_PI,C_add7,standardised,1,60007.05965407695,7.00 -> 8.00,21158.297297262372,45665.936903862705,195669676.69419128,2.508655484488415,17082.00964819391
reference_PI,C_add7,standardised,2,80009.4128721026,8.00 -> 7.00,2706.8347662253564,1879.626058162614,5527231.386291152,1.1544110203613078,7080.833039181074
reference_PI,C_add7,standardised,3,100011.76609012825,7.00 -> 6.00,17846.257803608514,34359.56240658445,401366776.8251719,2.4738794782270874,31863.748676314863
reference_PI,C_add7,wide,1,5000.666755567409,4.00 -> 5.00,1931.8779907006501,1304.7825347889618,2483425.3871007776,0.01013164349303608,3700.4933991198823
reference_PI,C_add7,wide,2,30004.000533404454,5.00 -> 6.00,2964.8093871156707,3553.657311087235,5188668.076054136,2.3363355340589376,5660.754767302307
reference_PI,C_add7,wide,3,60008.00106680891,6.00 -> 7.00,1282.1744514838588,635.2611903617372,1966128.0791971418,0.43358007112904673,3820.5094012535046
reference_PI,C_add7,wide,4,80010.66808907855,7.00 -> 8.00,815.9566414170243,568.7476187482264,445246.40523691947,0.03245327640503959,1460.1946926256787
reference_PI,C_add7,wide,5,100013.33511134819,8.00 -> 9.00,688.9952589961695,348.40115825880747,651033.614947438,0.059791585652105184,3100.413388451794
reference_PI,C_add7,wide,6,120016.00213361782,9.00 -> 10.00,2205.5403877062677,1005.0232599683952,6349612.49109449,0.0,7460.994799306587
reference_PI,D_add8,standardised,1,60007.05965407695,7.00 -> 8.00,25076.82661862294,52649.65533732535,256582049.77498332,2.512691483099399,inf
reference_PI,D_add8,standardised,2,80009.4128721026,8.00 -> 7.00,2456.626702484195,1569.5779899783654,5009672.641590923,0.9373236547575843,6300.741263678079
reference_PI,D_add8,standardised,3,100011.76609012825,7.00 -> 6.00,18534.61058066129,35737.84182776121,421061216.6667614,2.473879478226819,32163.78397458524
reference_PI,D_add8,wide,1,5000.666755567409,4.00 -> 5.00,1931.8779907006501,1304.7825347889618,2483425.3871007776,0.01013164349303608,3700.4933991198823
reference_PI,D_add8,wide,2,30004.000533404454,5.00 -> 6.00,3584.5338731667525,4965.384028473823,6390010.639529968,2.445403614348953,5920.789438591812
reference_PI,D_add8,wide,3,60008.00106680891,6.00 -> 7.00,1566.0538571528446,786.942648393272,2729637.3252541567,0.5385612717187245,4680.6240832111
reference_PI,D_add8,wide,4,80010.66808907855,7.00 -> 8.00,1111.5212762990575,686.3379107814353,1031930.6034101823,0.0372163310567899,2240.298706494199
reference_PI,D_add8,wide,5,100013.33511134819,8.00 -> 9.00,1187.1076100283747,733.1153620286489,1192994.4516127994,0.045976260859573514,2280.304040538729
reference_PI,D_add8,wide,6,120016.00213361782,9.00 -> 10.00,2205.539545111877,1005.0218484059352,6349612.465026791,0.0,7460.994799306587
reference_PI,D2_resample_Ti_Td,standardised,1,60007.05965407695,7.00 -> 8.00,25148.860231214367,52397.275996237426,256578975.07217392,2.512896702215137,inf
reference_PI,D2_resample_Ti_Td,standardised,2,80009.4128721026,8.00 -> 7.00,2061.4208846365436,1192.4122983041625,3946757.20214554,0.7696966862006125,6380.750676550175
reference_PI,D2_resample_Ti_Td,standardised,3,100011.76609012825,7.00 -> 6.00,18546.87883865476,35959.61247005543,419543418.23741484,2.47387947482525,32223.791034239315
reference_PI,D2_resample_Ti_Td,wide,1,5000.666755567409,4.00 -> 5.00,1931.8779907006501,1304.7825347889618,2483425.3871007776,0.01013164349303608,3700.4933991198823
reference_PI,D2_resample_Ti_Td,wide,2,30004.000533404454,5.00 -> 6.00,3604.156832602382,5278.082600918796,6193729.144171413,2.461911547653589,6000.800106680894
reference_PI,D2_resample_Ti_Td,wide,3,60008.00106680891,6.00 -> 7.00,1584.5411322476455,808.1317071221318,2729245.626008284,0.5416541793982734,5060.674756634224
reference_PI,D2_resample_Ti_Td,wide,4,80010.66808907855,7.00 -> 8.00,1204.2069007730822,737.4058745582182,1169057.2951850337,0.021774857159744698,2660.3547139618604
reference_PI,D2_resample_Ti_Td,wide,5,100013.33511134819,8.00 -> 9.00,1313.858960681732,817.9234190198454,1387969.304898649,0.03890901019876836,2600.3467128950433
reference_PI,D2_resample_Ti_Td,wide,6,120016.00213361782,9.00 -> 10.00,2205.5390530126883,1005.0213262261391,6349611.468156974,0.0,7460.994799306587
reference_PI,E_original5_retuned,standardised,1,60007.05965407695,7.00 -> 8.00,10150.79212868745,22237.793671362684,71317518.88927962,2.2513568059713283,11721.378985763033
reference_PI,E_original5_retuned,standardised,2,80009.4128721026,8.00 -> 7.00,877.736890511627,561.8597851321275,619671.0530560047,0.8627439613819385,1820.2141428403265
reference_PI,E_original5_retuned,standardised,3,100011.76609012825,7.00 -> 6.00,4679.974476789405,6886.102573234284,89765915.63409021,2.116053590512933,24242.852100247095
reference_PI,E_original5_retuned,wide,1,5000.666755567409,4.00 -> 5.00,567.5266052399055,357.0406357273178,301718.9378968219,0.8266372268365805,1400.1866915588744
reference_PI,E_original5_retuned,wide,2,30004.000533404454,5.00 -> 6.00,3499.4503023194015,6733.949204029815,3433244.267339159,3.226638083267961,3920.522736364852
reference_PI,E_original5_retuned,wide,3,60008.00106680891,6.00 -> 7.00,867.4860202976265,554.6079446194159,605954.5351491654,0.8576222486586156,1820.2426990265376
reference_PI,E_original5_retuned,wide,4,80010.66808907855,7.00 -> 8.00,468.1778549259592,279.58355448665276,179826.79103228843,0.013943480767878214,1160.154687291637
reference_PI,E_original5_retuned,wide,5,100013.33511134819,8.00 -> 9.00,557.5876102708067,335.0379299967133,262917.94362733356,0.03875440741206049,1160.154687291637
reference_PI,E_original5_retuned,wide,6,120016.00213361782,9.00 -> 10.00,727.4242454131111,342.55544504658815,877069.1838826197,0.061145968921326954,3820.509401253512
reference_PI,P_move_interior_Kc,standardised,1,60007.05965407695,7.00 -> 8.00,24670.33950525877,54370.12178067611,246732053.29898354,2.5144930939452816,19502.294387575006
reference_PI,P_move_interior_Kc,standardised,2,80009.4128721026,8.00 -> 7.00,1888.1190721041407,1075.1130522832677,3420123.1311871856,0.8562914253876173,5060.5953641604865
reference_PI,P_move_interior_Kc,standardised,3,100011.76609012825,7.00 -> 6.00,20309.8895665344,40048.5270567659,474202729.5334935,2.4915618395880106,33183.90398870455
reference_PI,P_move_interior_Kc,wide,1,5000.666755567409,4.00 -> 5.00,1978.844389229446,1315.6739576038515,2701027.0845891153,0.01819308897823113,3780.504067208961
reference_PI,P_move_interior_Kc,wide,2,30004.000533404454,5.00 -> 6.00,3888.083479417825,5344.759570491564,7307581.125790214,2.4006076635071523,6720.896119482597
reference_PI,P_move_interior_Kc,wide,3,60008.00106680891,6.00 -> 7.00,1481.078134899981,720.0300922462444,2537753.610156796,0.6420093235037818,5100.680090678761
reference_PI,P_move_interior_Kc,wide,4,80010.66808907855,7.00 -> 8.00,971.2511271940249,629.8747186071968,733175.9261589067,0.04451477833820228,1800.2400320042652
reference_PI,P_move_interior_Kc,wide,5,100013.33511134819,8.00 -> 9.00,1006.5056436443044,563.0809034659961,973639.6055121877,0.03857091614722741,2220.2960394719266
reference_PI,P_move_interior_Kc,wide,6,120016.00213361782,9.00 -> 10.00,2205.5395746720137,1005.0219969086113,6349612.144452011,0.0,7460.994799306587
IMC_PID,A_original3,standardised,1,60007.05965407695,7.00 -> 8.00,16265.952000657195,38385.54552593193,135873987.78614396,2.4421832667905825,12461.466054829987
IMC_PID,A_original3,standardised,2,80009.4128721026,8.00 -> 7.00,8361.531219800087,4924.85894544059,81123303.91857754,1.1428694018907866,inf
IMC_PID,A_original3,standardised,3,100011.76609012825,7.00 -> 6.00,67692.1053881415,149774.05589940172,2261271112.5793557,2.646437048020994,54786.445464172255
IMC_PID,A_original3,wide,1,5000.666755567409,4.00 -> 5.00,11696.888706361404,7721.960103904558,92240303.57867928,0.0,24803.30710761435
IMC_PID,A_original3,wide,2,30004.000533404454,5.00 -> 6.00,2004.6127957179392,1302.1937405312704,3103699.7463284465,0.17360813792986107,5400.720096012803
IMC_PID,A_original3,wide,3,60008.00106680891,6.00 -> 7.00,6827.495067605754,3871.4177045101433,75584815.86812612,0.7588170900967972,inf
IMC_PID,A_original3,wide,4,80010.66808907855,7.00 -> 8.00,381.7340764689751,204.80112918678762,149106.7637543041,0.3952551688963091,1060.1413521802897
IMC_PID,A_original3,wide,5,100013.33511134819,8.00 -> 9.00,403.8437090923928,203.7652515316162,240732.73366217612,0.037191932919739656,1000.1333511134726
IMC_PID,A_original3,wide,6,120016.00213361782,9.00 -> 10.00,1549.184136568991,707.9155582985892,2975035.251198411,0.0,5160.688091745571
IMC_PID,B_analytic3,standardised,1,60007.05965407695,7.00 -> 8.00,38192.514934020815,95075.01834191165,469051009.42396885,2.6317383635887506,inf
IMC_PID,B_analytic3,standardised,2,80009.4128721026,8.00 -> 7.00,34453.90515898741,95711.08903007663,194555009.53935087,1.6323866529638158,15321.802565007645
IMC_PID,B_analytic3,standardised,3,100011.76609012825,7.00 -> 6.00,46301.1998426745,99663.21620630387,1353182813.5488744,2.6243076634141507,46165.4312272032
IMC_PID,B_analytic3,wide,1,5000.666755567409,4.00 -> 5.00,7630.2734332074,4919.996062729503,40592867.22283526,0.0,16122.149619949327
IMC_PID,B_analytic3,wide,2,30004.000533404454,5.00 -> 6.00,2726.863534089142,1550.3653935643763,7528066.057612333,0.8408440094762106,6880.917455660754
IMC_PID,B_analytic3,wide,3,60008.00106680891,6.00 -> 7.00,1842.584840960999,1396.6170152023137,1998523.3632911295,0.014757022752020177,2920.389385251372
IMC_PID,B_analytic3,wide,4,80010.66808907855,7.00 -> 8.00,544.6080433745672,287.81032963363066,330107.40608871495,0.018906688190483578,1480.197359647951
IMC_PID,B_analytic3,wide,5,100013.33511134819,8.00 -> 9.00,1635.516543218217,797.8370195000017,2780292.796151146,9.247149019842027e-06,5160.688091745556
IMC_PID,B_analytic3,wide,6,120016.00213361782,9.00 -> 10.00,9131.37319326216,4035.6323638348713,90069037.34252213,0.0,inf
IMC_PID,C_add7,standardised,1,60007.05965407695,7.00 -> 8.00,39666.38718978986,96263.9464721223,471473265.29351336,2.6325197943957797,inf
IMC_PID,C_add7,standardised,2,80009.4128721026,8.00 -> 7.00,37436.70025332661,98255.14776914251,242087222.9785591,1.6935477393362817,inf
IMC_PID,C_add7,standardised,3,100011.76609012825,7.00 -> 6.00,50968.9346476525,102895.58435028352,1456918627.458593,2.6243793478409927,51246.02894458172
IMC_PID,C_add7,wide,1,5000.666755567409,4.00 -> 5.00,7630.2734332074,4919.996062729503,40592867.22283526,0.0,16122.149619949327
IMC_PID,C_add7,wide,2,30004.000533404454,5.00 -> 6.00,5095.970464625095,3641.2354683562826,22222883.491940074,1.3549587356853046,12541.672222963061
IMC_PID,C_add7,wide,3,60008.00106680891,6.00 -> 7.00,2469.647503983859,1650.3293368823397,4503150.399550049,0.019533379938576623,4600.613415122018
IMC_PID,C_add7,wide,4,80010.66808907855,7.00 -> 8.00,2005.3105437241945,1391.8777593092104,2632128.1601651977,0.010893839130659444,3920.5227363648446
IMC_PID,C_add7,wide,5,100013.33511134819,8.00 -> 9.00,1916.6941990396238,966.7651131227469,3622479.2707167636,4.3757452576898e-06,5800.773436458185
IMC_PID,C_add7,wide,6,120016.00213361782,9.00 -> 10.00,9131.373591339016,4035.634246475996,90069027.67789948,0.0,inf
IMC_PID,D_add8,standardised,1,60007.05965407695,7.00 -> 8.00,40631.63494097425,97050.2034957245,475021222.02645576,2.634602440887866,inf
IMC_PID,D_add8,standardised,2,80009.4128721026,8.00 -> 7.00,38481.19229486366,100793.99668827806,255668769.49624863,1.7456124056066038,inf
IMC_PID,D_add8,standardised,3,100011.76609012825,7.00 -> 6.00,53293.698856800496,105704.91681991586,1585553213.0117726,2.6243709837971,54606.42428521003
IMC_PID,D_add8,wide,1,5000.666755567409,4.00 -> 5.00,7630.2734332074,4919.996062729503,40592867.22283526,0.0,16122.149619949327
IMC_PID,D_add8,wide,2,30004.000533404454,5.00 -> 6.00,7544.921959234988,6386.7005585573725,39349666.94999827,1.4525706438189063,15282.037605014004
IMC_PID,D_add8,wide,3,60008.00106680891,6.00 -> 7.00,2486.6837780184055,1647.2321292934282,4738603.169034085,0.02028077388347782,4600.613415122018
IMC_PID,D_add8,wide,4,80010.66808907855,7.00 -> 8.00,3525.4375360615563,2055.701831363912,10190496.699248672,0.0,9101.213495132688
IMC_PID,D_add8,wide,5,100013.33511134819,8.00 -> 9.00,3338.503556311577,2015.4160783534926,8623143.172600567,0.0,8221.09614615282
IMC_PID,D_add8,wide,6,120016.00213361782,9.00 -> 10.00,9131.431147016605,4035.7199095478118,90069218.57094494,0.0,inf
IMC_PID,D2_resample_Ti_Td,standardised,1,60007.05965407695,7.00 -> 8.00,40846.97518062214,97282.96134990099,475823580.257289,2.6350265306091263,inf
IMC_PID,D2_resample_Ti_Td,standardised,2,80009.4128721026,8.00 -> 7.00,38401.16830983078,101170.04812800715,252868376.16914007,1.730399229159687,inf
IMC_PID,D2_resample_Ti_Td,standardised,3,100011.76609012825,7.00 -> 6.00,54615.33769650526,107067.88839563931,1634960838.3389492,2.624381262524187,55866.57253794564
IMC_PID,D2_resample_Ti_Td,wide,1,5000.666755567409,4.00 -> 5.00,7630.2734332074,4919.996062729503,40592867.22283526,0.0,16122.149619949327
IMC_PID,D2_resample_Ti_Td,wide,2,30004.000533404454,5.00 -> 6.00,8418.50712167739,7336.862426100389,46826571.81410679,1.4755820869835166,16422.189625283376
IMC_PID,D2_resample_Ti_Td,wide,3,60008.00106680891,6.00 -> 7.00,2494.2621369838803,1670.390423779141,4375927.818117239,0.0052042060539569945,5000.666755567414
IMC_PID,D2_resample_Ti_Td,wide,4,80010.66808907855,7.00 -> 8.00,4275.271144241207,2353.5797058697867,16250120.776933284,0.0,12101.613548473135
IMC_PID,D2_resample_Ti_Td,wide,5,100013.33511134819,8.00 -> 9.00,3991.5616287862235,2433.1424434872333,12095684.006072171,0.0,9621.282837711697
IMC_PID,D2_resample_Ti_Td,wide,6,120016.00213361782,9.00 -> 10.00,9131.69156407353,4036.076274599316,90070348.30183688,0.0,inf
IMC_PID,E_original5_retuned,standardised,1,60007.05965407695,7.00 -> 8.00,15613.36267174939,34581.43482232983,123304663.38169478,2.431686853320791,13361.571949641133
IMC_PID,E_original5_retuned,standardised,2,80009.4128721026,8.00 -> 7.00,924.0035402112553,474.73516395471825,890373.1231472188,0.5127203737450188,2300.2706200729444
IMC_PID,E_original5_retuned,standardised,3,100011.76609012825,7.00 -> 6.00,7865.145911928922,14483.711331631079,151958755.87535295,2.3873086072633907,24982.939169314035
IMC_PID,E_original5_retuned,wide,1,5000.666755567409,4.00 -> 5.00,767.804132093126,477.715066645505,543319.022953799,0.07944804682494144,2360.314708627817
IMC_PID,E_original5_retuned,wide,2,30004.000533404454,5.00 -> 6.00,2616.4925192959777,3125.1475823204655,2891848.3975227233,2.4256074282783615,3300.4400586744887
IMC_PID,E_original5_retuned,wide,3,60008.00106680891,6.00 -> 7.00,914.2707245304729,468.17849285818204,873802.1528079022,0.5040569748783108,2320.309374583281
IMC_PID,E_original5_retuned,wide,4,80010.66808907855,7.00 -> 8.00,884.510542482543,480.89383048439373,687885.4155670508,0.0020609730523055703,2500.3333777837106
IMC_PID,E_original5_retuned,wide,5,100013.33511134819,8.00 -> 9.00,947.1673619858362,555.0941734600116,722161.5569093799,0.017013785624845568,2200.2933724496543
IMC_PID,E_original5_retuned,wide,6,120016.00213361782,9.00 -> 10.00,1260.8086195965648,605.3858942924238,1740114.1223365278,1.2113547160907956e-06,4080.544072543009
IMC_PID,P_move_interior_Kc,standardised,1,60007.05965407695,7.00 -> 8.00,40214.686846959165,96707.30701858966,473487578.0820952,2.6340817352280297,inf
IMC_PID,P_move_interior_Kc,standardised,2,80009.4128721026,8.00 -> 7.00,38102.088317025125,101306.55785456796,246803026.86200503,1.822669034483293,inf
IMC_PID,P_move_interior_Kc,standardised,3,100011.76609012825,7.00 -> 6.00,49002.82744683458,100964.72244417474,1407400374.225818,2.624209686822357,50065.890104718215
IMC_PID,P_move_interior_Kc,wide,1,5000.666755567409,4.00 -> 5.00,8126.203434791691,5098.535401372141,47607467.56615108,0.0,18202.42699026537
IMC_PID,P_move_interior_Kc,wide,2,30004.000533404454,5.00 -> 6.00,2474.757094799831,1233.6980531107733,7350609.996763376,0.2022112454323759,9121.216162154953
IMC_PID,P_move_interior_Kc,wide,3,60008.00106680891,6.00 -> 7.00,1992.289647520806,1102.5739932957306,4347521.190344394,0.15003159440306923,7020.936124816653
IMC_PID,P_move_interior_Kc,wide,4,80010.66808907855,7.00 -> 8.00,2605.4193990850226,1697.2543744734721,4743138.108442936,0.002581614342847871,5740.765435391382
IMC_PID,P_move_interior_Kc,wide,5,100013.33511134819,8.00 -> 9.00,3231.0368081484576,1723.9905720891336,9235799.06623814,0.0,8901.186824909979
IMC_PID,P_move_interior_Kc,wide,6,120016.00213361782,9.00 -> 10.00,9131.569549463236,4035.903715276531,90069866.5557616,0.0,inf
