family,stage,scenario,Step,Time,SP_Transition,IAE,ISE,ITAE,Overshoot,Settling_Time,target_pH,local_loop_gain_at_target
reference_PI,B_analytic3,standardised,1,60007.05965407695,7.00 -> 8.00,18419.990761046145,41058.57921598291,164445766.47803006,2.5066793220737935,14581.715495940703,8.0,2.8220580263244086
reference_PI,B_analytic3,standardised,2,80009.4128721026,8.00 -> 7.00,775.1140779556978,576.8443090736117,397731.62423792656,0.9347285310999558,1560.18355100599,7.0,8.230997644958439
reference_PI,B_analytic3,standardised,3,100011.76609012824,7.00 -> 6.00,16040.57788956172,32331.592288888067,365601147.7016823,2.4738794706495004,30463.583951053064,6.0,0.4853945226349406
reference_PI,B_analytic3,wide,1,5000.666755567409,4.00 -> 5.00,1931.87799070065,1304.7825347889618,2483425.3871007776,0.010131643493036,3700.4933991198823,5.0,1.2194156522482689
reference_PI,B_analytic3,wide,2,30004.000533404454,5.00 -> 6.00,1904.8318323468432,2251.960969461404,2411207.5401527947,2.1796482387560374,4580.610748099745,6.0,0.4853945226349406
reference_PI,B_analytic3,wide,3,60008.00106680891,6.00 -> 7.00,619.039030831976,467.7485517719635,234612.61531636183,0.1145433726434008,1320.1760234698013,7.0,8.230997644958439
reference_PI,B_analytic3,wide,4,80010.66808907855,7.00 -> 8.00,214.47699976798532,139.97667126482577,53781.29615163942,0.0529393531574609,820.1093479130504,8.0,2.8220580263244086
reference_PI,B_analytic3,wide,5,100013.3351113482,8.00 -> 9.00,613.7895782003822,292.8693215609572,613457.8955840687,0.0697056888126663,3060.4080544072494,9.0,0.4045895785414399
reference_PI,B_analytic3,wide,6,120016.00213361782,9.00 -> 10.00,2205.540514708317,1005.0235348896416,6349612.293535255,0.0,7460.994799306587,10.0,
reference_PI,C_add7,standardised,1,60007.05965407695,7.00 -> 8.00,21158.297297262372,45665.936903862705,195669676.69419128,2.508655484488415,17082.00964819391,8.0,2.05018187818383
reference_PI,C_add7,standardised,2,80009.4128721026,8.00 -> 7.00,2706.8347662253564,1879.626058162614,5527231.386291152,1.1544110203613078,7080.833039181074,7.0,0.49708260915448116
reference_PI,C_add7,standardised,3,100011.76609012824,7.00 -> 6.00,17846.257803608514,34359.56240658445,401366776.8251719,2.473879478227087,31863.748676314863,6.0,0.4795097741172471
reference_PI,C_add7,wide,1,5000.666755567409,4.00 -> 5.00,1931.87799070065,1304.7825347889618,2483425.3871007776,0.010131643493036,3700.4933991198823,5.0,1.2194156522482689
reference_PI,C_add7,wide,2,30004.000533404454,5.00 -> 6.00,2964.8093871156707,3553.657311087235,5188668.076054136,2.3363355340589376,5660.754767302307,6.0,0.4795097741172471
reference_PI,C_add7,wide,3,60008.00106680891,6.00 -> 7.00,1282.1744514838588,635.2611903617372,1966128.0791971416,0.4335800711290467,3820.5094012535046,7.0,0.49708260915448116
reference_PI,C_add7,wide,4,80010.66808907855,7.00 -> 8.00,815.9566414170243,568.7476187482264,445246.40523691947,0.0324532764050395,1460.1946926256787,8.0,2.05018187818383
reference_PI,C_add7,wide,5,100013.3351113482,8.00 -> 9.00,688.9952589961695,348.40115825880747,651033.614947438,0.0597915856521051,3100.413388451794,9.0,0.4045895785414399
reference_PI,C_add7,wide,6,120016.00213361782,9.00 -> 10.00,2205.5403877062677,1005.0232599683952,6349612.49109449,0.0,7460.994799306587,10.0,
reference_PI,D_add8,standardised,1,60007.05965407695,7.00 -> 8.00,25076.82661862294,52649.65533732535,256582049.77498332,2.512691483099399,inf,8.0,0.4502241573021575
reference_PI,D_add8,standardised,2,80009.4128721026,8.00 -> 7.00,2456.626702484195,1569.5779899783654,5009672.641590923,0.9373236547575844,6300.741263678079,7.0,0.45618619713880065
reference_PI,D_add8,standardised,3,100011.76609012824,7.00 -> 6.00,18534.61058066129,35737.84182776121,421061216.6667614,2.473879478226819,32163.78397458524,6.0,0.4795097741172471
reference_PI,D_add8,wide,1,5000.666755567409,4.00 -> 5.00,1931.87799070065,1304.7825347889618,2483425.3871007776,0.010131643493036,3700.4933991198823,5.0,1.2194156522482689
reference_PI,D_add8,wide,2,30004.000533404454,5.00 -> 6.00,3584.5338731667525,4965.384028473823,6390010.639529968,2.445403614348953,5920.789438591812,6.0,0.4795097741172471
reference_PI,D_add8,wide,3,60008.00106680891,6.00 -> 7.00,1566.0538571528446,786.942648393272,2729637.3252541567,0.5385612717187245,4680.6240832111,7.0,0.45618619713880065
reference_PI,D_add8,wide,4,80010.66808907855,7.00 -> 8.00,1111.5212762990575,686.3379107814353,1031930.6034101824,0.0372163310567899,2240.298706494199,8.0,0.4502241573021575
reference_PI,D_add8,wide,5,100013.3351113482,8.00 -> 9.00,1187.107610028375,733.1153620286489,1192994.4516127994,0.0459762608595735,2280.304040538729,9.0,0.4045895785414399
reference_PI,D_add8,wide,6,120016.00213361782,9.00 -> 10.00,2205.539545111877,1005.0218484059352,6349612.465026791,0.0,7460.994799306587,10.0,
IMC_PID,B_analytic3,standardised,1,60007.05965407695,7.00 -> 8.00,38192.514934020815,95075.01834191164,469051009.42396885,2.6317383635887506,inf,8.0,0.8764296048554958
IMC_PID,B_analytic3,standardised,2,80009.4128721026,8.00 -> 7.00,34453.90515898741,95711.08903007663,194555009.53935087,1.6323866529638158,15321.802565007643,7.0,2.5562582970209227
IMC_PID,B_analytic3,standardised,3,100011.76609012824,7.00 -> 6.00,46301.1998426745,99663.21620630388,1353182813.5488744,2.6243076634141507,46165.4312272032,6.0,0.15074862387981733
IMC_PID,B_analytic3,wide,1,5000.666755567409,4.00 -> 5.00,7630.2734332074,4919.996062729503,40592867.22283526,0.0,16122.149619949329,5.0,0.378703194754161
IMC_PID,B_analytic3,wide,2,30004.000533404454,5.00 -> 6.00,2726.863534089142,1550.3653935643763,7528066.057612333,0.8408440094762106,6880.917455660754,6.0,0.15074862387981733
IMC_PID,B_analytic3,wide,3,60008.00106680891,6.00 -> 7.00,1842.584840960999,1396.6170152023135,1998523.3632911297,0.0147570227520201,2920.389385251372,7.0,2.5562582970209227
IMC_PID,B_analytic3,wide,4,80010.66808907855,7.00 -> 8.00,544.6080433745672,287.81032963363066,330107.40608871495,0.0189066881904835,1480.197359647951,8.0,0.8764296048554958
IMC_PID,B_analytic3,wide,5,100013.3351113482,8.00 -> 9.00,1635.516543218217,797.8370195000017,2780292.796151146,9.247149019842029e-06,5160.688091745556,9.0,0.1256508183382321
IMC_PID,B_analytic3,wide,6,120016.00213361782,9.00 -> 10.00,9131.37319326216,4035.6323638348713,90069037.34252213,0.0,inf,10.0,
IMC_PID,C_add7,standardised,1,60007.05965407695,7.00 -> 8.00,39666.38718978986,96263.9464721223,471473265.29351336,2.6325197943957797,inf,8.0,0.6367122597665117
IMC_PID,C_add7,standardised,2,80009.4128721026,8.00 -> 7.00,37436.70025332661,98255.14776914252,242087222.9785591,1.6935477393362817,inf,7.0,0.1543786897901423
IMC_PID,C_add7,standardised,3,100011.76609012824,7.00 -> 6.00,50968.9346476525,102895.58435028352,1456918627.458593,2.6243793478409927,51246.02894458172,6.0,0.14892102978382665
IMC_PID,C_add7,wide,1,5000.666755567409,4.00 -> 5.00,7630.2734332074,4919.996062729503,40592867.22283526,0.0,16122.149619949329,5.0,0.378703194754161
IMC_PID,C_add7,wide,2,30004.000533404454,5.00 -> 6.00,5095.970464625095,3641.2354683562826,22222883.491940074,1.3549587356853046,12541.67222296306,6.0,0.14892102978382665
IMC_PID,C_add7,wide,3,60008.00106680891,6.00 -> 7.00,2469.647503983859,1650.3293368823397,4503150.399550049,0.0195333799385766,4600.613415122018,7.0,0.1543786897901423
IMC_PID,C_add7,wide,4,80010.66808907855,7.00 -> 8.00,2005.3105437241943,1391.8777593092104,2632128.1601651977,0.0108938391306594,3920.5227363648446,8.0,0.6367122597665117
IMC_PID,C_add7,wide,5,100013.3351113482,8.00 -> 9.00,1916.694199039624,966.7651131227468,3622479.270716763,4.3757452576898e-06,5800.773436458185,9.0,0.1256508183382321
IMC_PID,C_add7,wide,6,120016.00213361782,9.00 -> 10.00,9131.373591339016,4035.634246475996,90069027.67789948,0.0,inf,10.0,
IMC_PID,D_add8,standardised,1,60007.05965407695,7.00 -> 8.00,40631.63494097425,97050.2034957245,475021222.02645576,2.634602440887866,inf,8.0,0.13982608914166741
IMC_PID,D_add8,standardised,2,80009.4128721026,8.00 -> 7.00,38481.19229486366,100793.99668827806,255668769.49624863,1.7456124056066038,inf,7.0,0.14167781570231372
IMC_PID,D_add8,standardised,3,100011.76609012824,7.00 -> 6.00,53293.698856800496,105704.91681991586,1585553213.0117726,2.6243709837971,54606.42428521003,6.0,0.14892102978382665
IMC_PID,D_add8,wide,1,5000.666755567409,4.00 -> 5.00,7630.2734332074,4919.996062729503,40592867.22283526,0.0,16122.149619949329,5.0,0.378703194754161
IMC_PID,D_add8,wide,2,30004.000533404454,5.00 -> 6.00,7544.921959234988,6386.7005585573725,39349666.94999827,1.4525706438189063,15282.037605014004,6.0,0.14892102978382665
IMC_PID,D_add8,wide,3,60008.00106680891,6.00 -> 7.00,2486.6837780184055,1647.2321292934282,4738603.169034085,0.0202807738834778,4600.613415122018,7.0,0.14167781570231372
IMC_PID,D_add8,wide,4,80010.66808907855,7.00 -> 8.00,3525.4375360615563,2055.701831363912,10190496.699248672,0.0,9101.213495132688,8.0,0.13982608914166741
IMC_PID,D_add8,wide,5,100013.3351113482,8.00 -> 9.00,3338.503556311577,2015.4160783534928,8623143.172600567,0.0,8221.09614615282,9.0,0.1256508183382321
IMC_PID,D_add8,wide,6,120016.00213361782,9.00 -> 10.00,9131.431147016605,4035.719909547812,90069218.57094494,0.0,inf,10.0,
