set,design,scenario,condition,dt,dt_actual,requested_delay,implemented_delay,status,IAE,ISE,max_abs_error,actuator_TV,saturation_fraction,segments,unsettled_segments,worst_settling_s,worst_final_error,pH_min,pH_max,delay_mode
development,reference_PI/A_original3,standardised,sample_1.25,1.25,1.25,109.59723737472511,108.75,ok,216089.74569015094,423750.90138442576,3.5689600177040273,59.67177460037614,0.0,7,5,inf,2.8372814148807857,3.46248060574352,10.302092046661834,
development,reference_PI/A_original3,standardised,sample_0.625,0.625,0.625,109.59723737472511,109.375,ok,240290.41498364962,469319.77893157915,3.510582707840845,67.9053927414401,0.0,7,6,inf,2.603415470007584,3.513778967932877,10.207171213721542,
development,reference_PI/A_original3,standardised,fractional_2.5,2.5,2.5,109.59723737472511,109.59723737472511,ok,239714.46321453524,465856.82773271564,3.411560537553936,67.36128180293693,0.0,7,6,inf,2.6801663823030566,3.5041971001878567,10.030743375505882,fractional
development,reference_PI/A_original3,standardised,fractional_1.25,1.25,1.25,109.59723737472511,109.59723737472511,ok,240948.91309194337,469954.07881817635,3.4003457476642307,68.45107920028335,0.0,7,6,inf,2.6982229069835686,3.504834732415359,10.01680038309578,fractional
development,reference_PI/A_original3,wide,sample_1.25,1.25,1.25,109.59723737472511,108.75,ok,109548.4356118759,199660.9227851322,3.001852628357386,35.09092341822678,0.0,7,3,inf,2.465779679068092,4.0,10.090579151716263,
development,reference_PI/A_original3,wide,sample_0.625,0.625,0.625,109.59723737472511,109.375,ok,108969.31632805165,199340.36494794037,3.0266089443453064,34.69669162326276,0.0,7,3,inf,2.62041926467154,4.0,10.090755790932661,
development,reference_PI/A_original3,wide,fractional_2.5,2.5,2.5,109.59723737472511,109.59723737472511,ok,108443.52732692669,196579.01558016945,3.054621682206802,34.17594271181534,0.0,7,3,inf,2.125917606625837,4.0,10.090881528883974,fractional
development,reference_PI/A_original3,wide,fractional_1.25,1.25,1.25,109.59723737472511,109.59723737472511,ok,109226.68174184288,199071.74085060254,3.039899032330836,34.730847009479575,0.0,7,3,inf,2.404179794561877,4.0,10.090843926005142,fractional
development,reference_PI/A_original3,regulatory,sample_1.25,1.25,1.25,109.59723737472511,108.75,ok,71143.37928738396,135933.04574828313,3.0202156011104644,20.263035699989864,0.0,2,1,inf,1.5656542407142933,3.9797843988895356,9.094226821620143,
development,reference_PI/A_original3,regulatory,sample_0.625,0.625,0.625,109.59723737472511,109.375,ok,71255.23406001464,136313.3685410905,3.0192880556816135,20.40221605719018,0.0,2,1,inf,2.018206610299485,3.9807119443183865,9.097923030581482,
development,reference_PI/A_original3,regulatory,fractional_2.5,2.5,2.5,109.59723737472511,109.59723737472511,ok,70912.946081499,135188.7862063432,3.0227663635436595,19.957392629590558,0.0,2,1,inf,1.4758770421506906,3.9772336364563405,9.085442314819074,fractional
development,reference_PI/A_original3,regulatory,fractional_1.25,1.25,1.25,109.59723737472511,109.59723737472511,ok,71138.65155758905,135931.23139673896,3.0204502171889716,20.259397037227867,0.0,2,1,inf,1.7993355083512261,3.9795497828110284,9.093857101316107,fractional
development,reference_PI/B_analytic3,standardised,sample_1.25,1.25,1.25,109.59723737472511,108.75,ok,46702.85794739833,101438.72184895331,3.117801793822867,1.8045009731929715,0.0,7,0,10535.0,1.304024915249613e-05,3.516163597445594,10.508298050918922,
development,reference_PI/B_analytic3,standardised,sample_0.625,0.625,0.625,109.59723737472511,109.375,ok,46682.69787165005,101397.75492224446,3.117925443096751,1.8042536860727685,0.0,7,0,10534.375,1.2785373268542344e-05,3.515818935442415,10.508388581587383,
development,reference_PI/B_analytic3,standardised,fractional_2.5,2.5,2.5,109.59723737472511,109.59723737472511,ok,46915.00968795318,101810.4650219393,3.121790307566158,1.8105610907605385,0.0,7,0,10517.5,9.783095618942639e-06,3.5165981263465507,10.50833680981113,fractional
development,reference_PI/B_analytic3,standardised,fractional_1.25,1.25,1.25,109.59723737472511,109.59723737472511,ok,46773.310688602876,101556.50263992224,3.1195037030495065,1.8067623380532822,0.0,7,0,10527.5,1.1503319450767435e-05,3.5160569728760565,10.508386693376693,fractional
development,reference_PI/B_analytic3,wide,sample_1.25,1.25,1.25,109.59723737472511,108.75,ok,7526.684303965322,5436.297571380624,2.1254719693985447,0.2973452147118296,0.0,7,0,7447.5,0.00032267352213999345,4.0,9.99967732647786,
development,reference_PI/B_analytic3,wide,sample_0.625,0.625,0.625,109.59723737472511,109.375,ok,7534.040194636514,5441.198159049025,2.124676215419001,0.29743447164542314,0.0,7,0,7446.25,0.00032227016863650704,4.0,9.999677729831363,
development,reference_PI/B_analytic3,wide,fractional_2.5,2.5,2.5,109.59723737472511,109.59723737472511,ok,7554.623099488372,5469.054642388755,2.135750119689096,0.29832953572580667,0.0,7,0,7442.5,0.0003219310115394336,4.0,9.99967806898846,fractional
development,reference_PI/B_analytic3,wide,fractional_1.25,1.25,1.25,109.59723737472511,109.59723737472511,ok,7544.03383259913,5453.672217160163,2.1290611918404085,0.2978058949844984,0.0,7,0,7445.0,0.0003220477338032879,4.0,9.999677952266197,fractional
development,reference_PI/B_analytic3,regulatory,sample_1.25,1.25,1.25,109.59723737472511,108.75,ok,11635.351125307618,27597.723123739823,3.050163983273687,0.44280968849083724,0.0,2,0,6670.0,3.5766944961324043e-12,3.949836016726313,8.901703773749333,
development,reference_PI/B_analytic3,regulatory,sample_0.625,0.625,0.625,109.59723737472511,109.375,ok,11612.956461494598,27549.012092733505,3.0503157228930444,0.44238450404489527,0.0,2,0,6667.5,2.275957200481571e-11,3.9496842771069556,8.895863506044005,
development,reference_PI/B_analytic3,regulatory,fractional_2.5,2.5,2.5,109.59723737472511,109.59723737472511,ok,11748.807802082409,27808.617729961607,3.050537395268104,0.44613579413001414,0.0,2,0,6737.5,2.539302101922658e-12,3.949462604731896,8.918349806161457,fractional
development,reference_PI/B_analytic3,regulatory,fractional_1.25,1.25,1.25,109.59723737472511,109.59723737472511,ok,11662.870516203733,27642.400625165577,3.050424318073515,0.44381060295943353,0.0,2,0,6695.0,2.935429677108914e-12,3.949575681926485,8.903750952541944,fractional
development,reference_PI/C_add7,standardised,sample_1.25,1.25,1.25,109.59723737472511,108.75,ok,56370.36805952716,112860.36849631056,3.1685455493409638,1.8111923662888172,0.0,7,0,12708.75,0.00038842704666919303,3.5161635791773866,10.510840399862444,
development,reference_PI/C_add7,standardised,sample_0.625,0.625,0.625,109.59723737472511,109.375,ok,56297.54713492459,112703.21981795612,3.1681750268897213,1.8101709323360549,0.0,7,0,12701.875,0.00038579177667941167,3.5158189163987554,10.510947139645328,
development,reference_PI/C_add7,standardised,fractional_2.5,2.5,2.5,109.59723737472511,109.59723737472511,ok,56770.368304997064,113594.55225088909,3.1730479433046783,1.8195728411714063,0.0,7,0,12720.0,0.00037731036512145266,3.5165981073312556,10.510844122981496,fractional
development,reference_PI/C_add7,standardised,fractional_1.25,1.25,1.25,109.59723737472511,109.59723737472511,ok,56496.982562633726,113069.94731676026,3.1700542095575637,1.8137124724176292,0.0,7,0,12710.0,0.00039285955871104505,3.5160569536698048,10.510928258393704,fractional
development,reference_PI/C_add7,wide,sample_1.25,1.25,1.25,109.59723737472511,108.75,ok,9779.869120814437,7161.9080506595565,2.2547699220189745,0.29121285091342397,0.0,7,0,7447.5,0.00032267354371917634,4.0,9.99967732645628,
development,reference_PI/C_add7,wide,sample_0.625,0.625,0.625,109.59723737472511,109.375,ok,9783.151988683621,7159.797005741188,2.2523726034110485,0.29118684463725053,0.0,7,0,7446.25,0.00032227019034181126,4.0,9.999677729809658,
development,reference_PI/C_add7,wide,fractional_2.5,2.5,2.5,109.59723737472511,109.59723737472511,ok,9821.426228429857,7213.354242796936,2.2645104185734546,0.29211573036483696,0.0,7,0,7442.5,0.00032193103336197737,4.0,9.999678068966638,fractional
development,reference_PI/C_add7,wide,fractional_1.25,1.25,1.25,109.59723737472511,109.59723737472511,ok,9799.356017101902,7181.084547644531,2.2568437191495665,0.29155769599754056,0.0,7,0,7445.0,0.0003220477557732693,4.0,9.999677952244227,fractional
development,reference_PI/C_add7,regulatory,sample_1.25,1.25,1.25,109.59723737472511,108.75,ok,15138.746912926827,31557.84122081061,3.063668554859616,0.4640225018492705,0.0,2,0,12708.75,2.813891342157149e-10,3.936331445140384,8.946276545107336,
development,reference_PI/C_add7,regulatory,sample_0.625,0.625,0.625,109.59723737472511,109.375,ok,15105.88949098238,31493.77559241359,3.063961937603739,0.4632779091227892,0.0,2,0,12701.875,9.763478914237567e-11,3.936038062396261,8.939907598023346,
development,reference_PI/C_add7,regulatory,fractional_2.5,2.5,2.5,109.59723737472511,109.59723737472511,ok,15355.493386259299,31902.285270995504,3.063718635914575,0.4687142926092607,0.0,2,0,12720.0,3.263442849288367e-10,3.936281364085425,8.963297803744588,fractional
development,reference_PI/C_add7,regulatory,fractional_1.25,1.25,1.25,109.59723737472511,109.59723737472511,ok,15199.24074396665,31643.146444999835,3.0639184792726866,0.4653070358808158,0.0,2,0,12710.0,3.7419667364702036e-10,3.9360815207273134,8.94805565252924,fractional
development,reference_PI/D_add8,standardised,sample_1.25,1.25,1.25,109.59723737472511,108.75,ok,63351.67559573806,123354.1713799861,3.227797300515613,1.8514336463761571,0.0,7,1,inf,0.07913501655854738,3.516163579178052,10.51602342329755,
development,reference_PI/D_add8,standardised,sample_0.625,0.625,0.625,109.59723737472511,109.375,ok,63287.17845202809,123206.49627348686,3.22697597628145,1.8497366045719437,0.0,7,1,inf,0.07825630179921639,3.5158189163993265,10.516163122921853,
development,reference_PI/D_add8,standardised,fractional_2.5,2.5,2.5,109.59723737472511,109.59723737472511,ok,63926.33064319796,124388.94233707106,3.2327196205613324,1.8625741931299071,0.0,7,1,inf,0.08571472913148526,3.5165981073318013,10.51595615472229,fractional
development,reference_PI/D_add8,standardised,fractional_1.25,1.25,1.25,109.59723737472511,109.59723737472511,ok,63536.797435308,123657.80981667763,3.229115104639355,1.8546082957735486,0.0,7,1,inf,0.08144418790421248,3.5160569536703297,10.516109855529766,fractional
development,reference_PI/D_add8,wide,sample_1.25,1.25,1.25,109.59723737472511,108.75,ok,11469.31801581073,9222.394725442395,2.358104009328388,0.283410661213205,0.0,7,0,7447.5,0.0003226736013850484,4.0,9.999677326398615,
development,reference_PI/D_add8,wide,sample_0.625,0.625,0.625,109.59723737472511,109.375,ok,11470.149875053801,9218.00113234974,2.355064621308001,0.28328748973485673,0.0,7,0,7446.25,0.00032227024982312,4.0,9.999677729750177,
development,reference_PI/D_add8,wide,fractional_2.5,2.5,2.5,109.59723737472511,109.59723737472511,ok,11504.340092453303,9264.380006009975,2.3666724336395983,0.2843108298462331,0.0,7,0,7442.5,0.0003219310935271835,4.0,9.999678068906473,fractional
development,reference_PI/D_add8,wide,fractional_1.25,1.25,1.25,109.59723737472511,109.59723737472511,ok,11484.205198682797,9235.837141604034,2.3591904074882777,0.28367736358531204,0.0,7,0,7445.0,0.00032204781568268004,4.0,9.999677952184317,fractional
development,reference_PI/D_add8,regulatory,sample_1.25,1.25,1.25,109.59723737472511,108.75,ok,18392.01776371031,35755.89913512787,3.063668554859616,0.48460538948710496,0.0,2,0,15426.25,3.0274636131366606e-09,3.936331445140384,8.979705019056912,
development,reference_PI/D_add8,regulatory,sample_0.625,0.625,0.625,109.59723737472511,109.375,ok,18365.988467175997,35690.900128039175,3.063961937603739,0.4837040394908385,0.0,2,0,15423.125,3.1025111368876424e-09,3.936038062396261,8.973045913570274,
development,reference_PI/D_add8,regulatory,fractional_2.5,2.5,2.5,109.59723737472511,109.59723737472511,ok,18687.782810902652,36223.79662488023,3.063718635914575,0.49051379969733944,0.0,2,0,15357.5,3.839964790586237e-09,3.936281364085425,8.996683430182218,fractional
development,reference_PI/D_add8,regulatory,fractional_1.25,1.25,1.25,109.59723737472511,109.59723737472511,ok,18492.064638148644,35891.758348182855,3.0639184792726866,0.4862646958378125,0.0,2,0,15395.0,3.447308216664169e-09,3.9360815207273134,8.981254492756458,fractional
development,reference_PI/D2_resample_Ti_Td,standardised,sample_1.25,1.25,1.25,109.59723737472511,108.75,ok,62125.06918069323,121885.93848853707,3.228004157717357,1.8251513995241018,0.0,7,0,14921.25,0.01622599116633694,3.5161635850270905,10.516190379025469,
development,reference_PI/D2_resample_Ti_Td,standardised,sample_0.625,0.625,0.625,109.59723737472511,109.375,ok,62053.25526207214,121718.41276266226,3.227186667319309,1.8232291531307396,0.0,7,0,14916.25,0.016253824426133434,3.515818922349401,10.51632833398492,
development,reference_PI/D2_resample_Ti_Td,standardised,fractional_2.5,2.5,2.5,109.59723737472511,109.59723737472511,ok,62606.06873982197,122856.04613624874,3.2329076676458532,1.8358337285208668,0.0,7,0,14947.5,0.02331352730558578,3.5165981130974218,10.51612558322956,fractional
development,reference_PI/D2_resample_Ti_Td,standardised,fractional_1.25,1.25,1.25,109.59723737472511,109.59723737472511,ok,62254.43590324063,122140.5807853638,3.2293232638189613,1.8278037587579057,0.0,7,0,14930.0,0.016249495611937448,3.516056959568049,10.516276403081687,fractional
development,reference_PI/D2_resample_Ti_Td,wide,sample_1.25,1.25,1.25,109.59723737472511,108.75,ok,11739.435789140744,9715.930128849668,2.37446409505983,0.2782996060090914,0.0,7,0,7447.5,0.0003226735679913162,4.0,9.999677326432009,
development,reference_PI/D2_resample_Ti_Td,wide,sample_0.625,0.625,0.625,109.59723737472511,109.375,ok,11740.002896350923,9711.589847219542,2.3713710845558946,0.2781790482301494,0.0,7,0,7446.25,0.00032227021635833353,4.0,9.999677729783642,
development,reference_PI/D2_resample_Ti_Td,wide,fractional_2.5,2.5,2.5,109.59723737472511,109.59723737472511,ok,11769.43395383834,9752.084173708006,2.382864055594835,0.2791134357778038,0.0,7,0,7442.5,0.0003219310604674064,4.0,9.999678068939533,fractional
development,reference_PI/D2_resample_Ti_Td,wide,fractional_1.25,1.25,1.25,109.59723737472511,109.59723737472511,ok,11752.05935806787,9727.049186528739,2.375437020040689,0.27853287588422937,0.0,7,0,7445.0,0.0003220477823511203,4.0,9.999677952217649,fractional
development,reference_PI/D2_resample_Ti_Td,regulatory,sample_1.25,1.25,1.25,109.59723737472511,108.75,ok,17744.11945071663,35121.99018787148,3.063683174976534,0.4705941281333246,0.0,2,0,14921.25,1.3315588631712671e-09,3.936316825023466,8.987700395860415,
development,reference_PI/D2_resample_Ti_Td,regulatory,sample_0.625,0.625,0.625,109.59723737472511,109.375,ok,17708.6979324961,35044.10377793964,3.0639765958194687,0.4695159891571654,0.0,2,0,14916.25,1.1004130939795687e-09,3.9360234041805313,8.980989714734982,
development,reference_PI/D2_resample_Ti_Td,regulatory,fractional_2.5,2.5,2.5,109.59723737472511,109.59723737472511,ok,17978.19271540211,35535.69521555324,3.063733134371588,0.4758584647029096,0.0,2,0,14947.5,1.5918084628196993e-09,3.936266865628412,9.00460749932645,fractional
development,reference_PI/D2_resample_Ti_Td,regulatory,fractional_1.25,1.25,1.25,109.59723737472511,109.59723737472511,ok,17810.046363750647,35224.778748957906,3.0639330870865518,0.4718342511722726,0.0,2,0,14930.0,1.389815373897818e-09,3.9360669129134482,8.989186189392202,fractional
development,reference_PI/E_original5_retuned,standardised,sample_1.25,1.25,1.25,109.59723737472511,108.75,ok,172071.2659775204,402530.94812535495,3.5396630809763296,44.62240898975984,0.0,7,3,inf,3.2584537768019732,3.8389559421035595,10.268319544031042,
development,reference_PI/E_original5_retuned,standardised,sample_0.625,0.625,0.625,109.59723737472511,109.375,ok,185873.53943799812,451242.98845804273,3.554680540536876,50.147366011218544,0.0,7,4,inf,3.3271846765751754,3.8373776106282214,9.79584738452265,
development,reference_PI/E_original5_retuned,standardised,fractional_2.5,2.5,2.5,109.59723737472511,109.59723737472511,ok,169098.83643029872,387194.998645586,3.553910162516509,42.617725941838806,0.0,7,3,inf,2.6402093124101196,3.840702004396251,10.26793527167253,fractional
development,reference_PI/E_original5_retuned,standardised,fractional_1.25,1.25,1.25,109.59723737472511,109.59723737472511,ok,175346.85726624407,410879.8099688184,3.542171988037569,45.49556787503493,0.0,7,3,inf,3.2768991964943703,3.8383689412202076,10.267969833795219,fractional
development,reference_PI/E_original5_retuned,wide,sample_1.25,1.25,1.25,109.59723737472511,108.75,ok,5536.072173884793,5014.230038164736,3.077376932530095,1.6480234897576027,0.0,7,0,3897.5,1.32068631586435e-08,4.0,10.06271920766364,
development,reference_PI/E_original5_retuned,wide,sample_0.625,0.625,0.625,109.59723737472511,109.375,ok,5589.184619817869,5065.141729615045,3.0785886771701954,1.668828494014737,0.0,7,0,3901.25,1.32512898431969e-08,4.0,10.062841143200425,
development,reference_PI/E_original5_retuned,wide,fractional_2.5,2.5,2.5,109.59723737472511,109.59723737472511,ok,5569.061765230899,5017.508747174153,3.0857330745421763,1.641543880705453,0.0,7,0,3900.0,1.3131447929026763e-08,4.0,10.062906991156368,fractional
development,reference_PI/E_original5_retuned,wide,fractional_1.25,1.25,1.25,109.59723737472511,109.59723737472511,ok,5591.187197022414,5053.264074697413,3.0817308917237263,1.6621115730479605,0.0,7,0,3901.25,1.3212121174888125e-08,4.0,10.062893550319629,fractional
development,reference_PI/E_original5_retuned,regulatory,sample_1.25,1.25,1.25,109.59723737472511,108.75,ok,83574.60166368393,184618.7150067527,2.792968561662626,21.24072200048032,0.0,2,1,inf,1.5869100577737587,4.207031438337374,8.82424352762414,
development,reference_PI/E_original5_retuned,regulatory,sample_0.625,0.625,0.625,109.59723737472511,109.375,ok,84282.87472976829,187658.62205202196,2.7939408131700842,21.87393206313733,0.0,2,1,inf,2.4732177933816644,4.206059186829916,8.827701707582117,
development,reference_PI/E_original5_retuned,regulatory,fractional_2.5,2.5,2.5,109.59723737472511,109.59723737472511,ok,82022.05622534457,178057.90922985823,2.793382824837958,20.446327183207313,0.0,2,1,inf,1.0877545116374288,4.206617175162042,8.839612352628647,fractional
development,reference_PI/E_original5_retuned,regulatory,fractional_1.25,1.25,1.25,109.59723737472511,109.59723737472511,ok,83717.33189147679,185172.7494026281,2.793897574345812,21.360933362331426,0.0,2,1,inf,2.080760907051319,4.206102425654188,8.83323988848759,fractional
development,reference_PI/P_move_interior_Kc,standardised,sample_1.25,1.25,1.25,109.59723737472511,108.75,ok,65868.49932866503,135081.360377034,3.302132389553404,1.8580965035715815,0.0,7,0,14502.5,0.011501372085231054,3.5051330639312632,10.516343529116398,
development,reference_PI/P_move_interior_Kc,standardised,sample_0.625,0.625,0.625,109.59723737472511,109.375,ok,65892.59138286934,135121.3723296351,3.3020131663627117,1.8587386095494374,0.0,7,0,14502.5,0.011783349173432711,3.504974676240484,10.516442878955548,
development,reference_PI/P_move_interior_Kc,standardised,fractional_2.5,2.5,2.5,109.59723737472511,109.59723737472511,ok,66043.2755048447,135420.8735143872,3.304995747121036,1.8628483769384347,0.0,7,0,14502.5,0.013510984024486916,3.505190051595291,10.516359801820986,fractional
development,reference_PI/P_move_interior_Kc,standardised,fractional_1.25,1.25,1.25,109.59723737472511,109.59723737472511,ok,65957.68865915934,135249.54612153218,3.3032052228116537,1.8605330165877199,0.0,7,0,14502.5,0.012561026528434382,3.5050301448308243,10.516430122707051,fractional
development,reference_PI/P_move_interior_Kc,wide,sample_1.25,1.25,1.25,109.59723737472511,108.75,ok,11655.72742478495,9579.03328918612,2.3775866573480684,0.26132154818253817,0.0,7,0,7447.5,0.00032267357727455703,4.0,9.999677326422725,
development,reference_PI/P_move_interior_Kc,wide,sample_0.625,0.625,0.625,109.59723737472511,109.375,ok,11664.44049350449,9586.31754727174,2.3774671054371606,0.26138197022684917,0.0,7,0,7446.25,0.0003222702252294596,4.0,9.99967772977477,
development,reference_PI/P_move_interior_Kc,wide,fractional_2.5,2.5,2.5,109.59723737472511,109.59723737472511,ok,11667.264056731792,9610.896510745297,2.382059666529413,0.26171949461555766,0.0,7,0,7442.5,0.0003219310689619448,4.0,9.999678068931038,fractional
development,reference_PI/P_move_interior_Kc,wide,fractional_1.25,1.25,1.25,109.59723737472511,109.59723737472511,ok,11667.389599405738,9597.777994112545,2.3792994506856218,0.2615309138768751,0.0,7,0,7445.0,0.00032204779111566495,4.0,9.999677952208884,fractional
development,reference_PI/P_move_interior_Kc,regulatory,sample_1.25,1.25,1.25,109.59723737472511,108.75,ok,18971.51268489878,39678.44915148201,3.0819773900766503,0.4844552917165519,0.0,2,0,13617.5,5.274420900036603e-10,3.9180226099233497,9.194793208267503,
development,reference_PI/P_move_interior_Kc,regulatory,sample_0.625,0.625,0.625,109.59723737472511,109.375,ok,18983.550321806775,39698.469896005015,3.082215996267074,0.484697866198041,0.0,2,0,13615.625,5.712523787337886e-10,3.917784003732926,9.194345601876888,
development,reference_PI/P_move_interior_Kc,regulatory,fractional_2.5,2.5,2.5,109.59723737472511,109.59723737472511,ok,19098.62347240894,39913.486440119406,3.082087115584701,0.4863263135548932,0.0,2,0,13630.0,6.230456151001817e-10,3.917912884415299,9.198696495360824,fractional
development,reference_PI/P_move_interior_Kc,regulatory,fractional_1.25,1.25,1.25,109.59723737472511,109.59723737472511,ok,19032.54281645656,39789.341441156794,3.0822119518385587,0.4854091777850167,0.0,2,0,13621.25,5.853175721881598e-10,3.9177880481614413,9.19603343414564,fractional
development,IMC_PID/A_original3,standardised,sample_1.25,1.25,1.25,109.59723737472511,108.75,ok,130650.42825513487,286500.7207105535,3.2374055650736717,3.705460400323509,0.0,7,2,inf,0.5586342785424714,3.3540805159016167,10.445703363067963,
development,IMC_PID/A_original3,standardised,sample_0.625,0.625,0.625,109.59723737472511,109.375,ok,130353.11803701661,286506.4489926787,3.238009846519736,3.713003695801964,0.0,7,2,inf,0.4785427366021908,3.354207080543574,10.445797818741553,
development,IMC_PID/A_original3,standardised,fractional_2.5,2.5,2.5,109.59723737472511,109.59723737472511,ok,131424.90235003037,287728.24238677067,3.237043968285567,3.756862600959707,0.0,7,2,inf,0.6019368780694343,3.3538492989054967,10.44580423367949,fractional
development,IMC_PID/A_original3,standardised,fractional_1.25,1.25,1.25,109.59723737472511,109.59723737472511,ok,131180.05117700016,287296.224724496,3.237459935978194,3.7519314544565647,0.0,7,1,inf,0.5479844847994935,3.354063005493746,10.445838910447483,fractional
development,IMC_PID/A_original3,wide,sample_1.25,1.25,1.25,109.59723737472511,108.75,ok,18381.559628294726,11266.788232575305,1.1180684850286067,0.45240601245612755,0.0,7,0,24800.0,0.04771813653319423,4.0,9.999991106525382,
development,IMC_PID/A_original3,wide,sample_0.625,0.625,0.625,109.59723737472511,109.375,ok,18398.150144334413,11270.271126892387,1.1178851829752317,0.454493208160784,0.0,7,1,inf,0.33079626594295686,4.0,9.999991142122994,
development,IMC_PID/A_original3,wide,fractional_2.5,2.5,2.5,109.59723737472511,109.59723737472511,ok,19814.23997295839,11942.737947287202,1.0476620610369398,0.6502915384812376,0.0,7,1,inf,0.4025562690663209,4.0,9.999991157163368,fractional
development,IMC_PID/A_original3,wide,fractional_1.25,1.25,1.25,109.59723737472511,109.59723737472511,ok,19007.833500604294,11550.695734332832,1.0959140195754422,0.5399730213382314,0.0,7,1,inf,0.09916252366453815,4.0,9.999991155729132,fractional
development,IMC_PID/A_original3,regulatory,sample_1.25,1.25,1.25,109.59723737472511,108.75,ok,41240.715745739144,98509.04485802568,3.2374055650736717,1.4819373817876915,0.0,2,1,inf,0.5568275675690568,3.7625944349263283,7.815363083128953,
development,IMC_PID/A_original3,regulatory,sample_0.625,0.625,0.625,109.59723737472511,109.375,ok,41249.688347125084,98610.30480614763,3.238009846519736,1.5040971296808632,0.0,2,1,inf,0.31178211144657997,3.761990153480264,7.818305775595969,
development,IMC_PID/A_original3,regulatory,fractional_2.5,2.5,2.5,109.59723737472511,109.59723737472511,ok,41933.33776069927,99037.67137581707,3.237043968285567,1.5078549260184246,0.0,2,1,inf,0.37123225147717065,3.762956031714433,7.818419530419521,fractional
development,IMC_PID/A_original3,regulatory,fractional_1.25,1.25,1.25,109.59723737472511,109.59723737472511,ok,41538.56620650725,98762.43054926724,3.237459935978194,1.5040308045886936,0.0,2,1,inf,0.5450713234329534,3.762540064021806,7.81895386681899,fractional
development,IMC_PID/B_analytic3,standardised,sample_1.25,1.25,1.25,109.59723737472511,108.75,ok,147631.679573034,364970.8824057996,3.3681524229618116,1.361654120149665,0.0,7,1,inf,2.3681931474827724,3.376479540000431,10.632116350175409,
development,IMC_PID/B_analytic3,standardised,sample_0.625,0.625,0.625,109.59723737472511,109.375,ok,147626.85826774247,364955.0839005597,3.3681914903388748,1.366983834737189,0.0,7,1,inf,2.3682118515803605,3.3766615331227987,10.632127828850473,
development,IMC_PID/B_analytic3,standardised,fractional_2.5,2.5,2.5,109.59723737472511,109.59723737472511,ok,147709.61238843726,365121.16517299664,3.368126393795599,1.3545160426224134,0.0,7,1,inf,2.3682078446890866,3.376140400643851,10.632126422183589,fractional
development,IMC_PID/B_analytic3,standardised,fractional_1.25,1.25,1.25,109.59723737472511,109.59723737472511,ok,147661.59154830844,365023.8622293077,3.3681765580020535,1.3616796419022679,0.0,7,1,inf,2.3682172809974187,3.3764522503548973,10.632131419741034,fractional
development,IMC_PID/B_analytic3,wide,sample_1.25,1.25,1.25,109.59723737472511,108.75,ok,23628.284369611025,13120.123562739303,1.001878081048222,0.18511092861012912,0.0,7,1,inf,0.11104810331492843,4.0,9.888951896685072,
development,IMC_PID/B_analytic3,wide,sample_0.625,0.625,0.625,109.59723737472511,109.375,ok,23632.653290236576,13126.700253911968,1.0018756780195517,0.18514318467047985,0.0,7,1,inf,0.11104873086601863,4.0,9.888951269133981,
development,IMC_PID/B_analytic3,wide,fractional_2.5,2.5,2.5,109.59723737472511,109.59723737472511,ok,23622.751660657297,13120.612202977556,1.0018741420160726,0.18498206194093836,0.0,7,1,inf,0.11103376642342155,4.0,9.888966233576578,fractional
development,IMC_PID/B_analytic3,wide,fractional_1.25,1.25,1.25,109.59723737472511,109.59723737472511,ok,23629.578875939587,13125.632361376407,1.0018745484788463,0.18506000256893085,0.0,7,1,inf,0.11104281880381528,4.0,9.888957181196185,fractional
development,IMC_PID/B_analytic3,regulatory,sample_1.25,1.25,1.25,109.59723737472511,108.75,ok,28627.875040919636,74366.57655786227,3.2371383188463434,0.3037984238385496,0.0,2,0,14195.0,1.1466116944802707e-10,3.7628616811536566,8.589053730922869,
development,IMC_PID/B_analytic3,regulatory,sample_0.625,0.625,0.625,109.59723737472511,109.375,ok,28632.976659794018,74378.00420525901,3.2372237939886346,0.30793195287063657,0.0,2,0,14197.5,2.793019149294196e-10,3.7627762060113654,8.588899282456117,
development,IMC_PID/B_analytic3,regulatory,fractional_2.5,2.5,2.5,109.59723737472511,109.59723737472511,ok,28675.01865317353,74430.01806093197,3.237226614575659,0.29774510063596615,0.0,2,0,14227.5,1.0290435170645651e-11,3.762773385424341,8.591704734865875,fractional
development,IMC_PID/B_analytic3,regulatory,fractional_1.25,1.25,1.25,109.59723737472511,109.59723737472511,ok,28650.00237216058,74397.1872624158,3.23720969332779,0.3037611052120024,0.0,2,0,14210.0,1.0437073427738142e-10,3.76279030667221,8.59002574683209,fractional
development,IMC_PID/C_add7,standardised,sample_1.25,1.25,1.25,109.59723737472511,108.75,ok,158268.29959462292,374448.2815221694,3.3698142894664365,1.3381386733099907,0.0,7,2,inf,2.3698548779464037,3.376464813663448,10.633049013777851,
development,IMC_PID/C_add7,standardised,sample_0.625,0.625,0.625,109.59723737472511,109.375,ok,158240.20549620042,374382.2685937476,3.3698453669018047,1.3390540324750084,0.0,7,2,inf,2.3698656604503228,3.3767819059957143,10.63305604823072,
development,IMC_PID/C_add7,standardised,fractional_2.5,2.5,2.5,109.59723737472511,109.59723737472511,ok,158310.72773379745,374595.4620519554,3.3697946190447627,1.3376426334051459,0.0,7,2,inf,2.369875796818384,3.37608136577363,10.633062497773611,fractional
development,IMC_PID/C_add7,standardised,fractional_1.25,1.25,1.25,109.59723737472511,109.59723737472511,ok,158274.19717445073,374486.73598203587,3.369838512021328,1.3382716304742228,0.0,7,2,inf,2.369879098971243,3.37643743693135,10.63306411275376,fractional
development,IMC_PID/C_add7,wide,sample_1.25,1.25,1.25,109.59723737472511,108.75,ok,28391.155923751598,16745.02175730049,1.347501929120046,0.18399797744622415,0.0,7,1,inf,0.11104808905886365,4.0,9.888951910941136,
development,IMC_PID/C_add7,wide,sample_0.625,0.625,0.625,109.59723737472511,109.375,ok,28392.13165269266,16749.902624960156,1.3480807359074278,0.18402907695161996,0.0,7,1,inf,0.11104871631388846,4.0,9.888951283686112,
development,IMC_PID/C_add7,wide,fractional_2.5,2.5,2.5,109.59723737472511,109.59723737472511,ok,28365.916242524145,16736.764258904423,1.3515303984368146,0.18388239668189588,0.0,7,1,inf,0.11103375188323739,4.0,9.888966248116763,fractional
development,IMC_PID/C_add7,wide,fractional_1.25,1.25,1.25,109.59723737472511,109.59723737472511,ok,28381.742563664804,16745.6199415062,1.3495973393040552,0.18395335207429664,0.0,7,1,inf,0.11104280419364798,4.0,9.888957195806352,fractional
development,IMC_PID/C_add7,regulatory,sample_1.25,1.25,1.25,109.59723737472511,108.75,ok,30226.63256716609,76892.92435969069,3.24311125198201,0.2838140774307494,0.0,2,0,17821.25,2.1158631543727324e-05,3.75688874801799,8.644536332007547,
development,IMC_PID/C_add7,regulatory,sample_0.625,0.625,0.625,109.59723737472511,109.375,ok,30223.326080910607,76885.42173623915,3.243107334748579,0.28397025626857886,0.0,2,0,17816.25,2.1688376850015345e-05,3.756892665251421,8.644079724048591,
development,IMC_PID/C_add7,regulatory,fractional_2.5,2.5,2.5,109.59723737472511,109.59723737472511,ok,30230.62121285525,76924.59569489834,3.243267169745493,0.2837339139916457,0.0,2,0,17745.0,2.756823652916296e-05,3.756732830254507,8.647353525054454,fractional
development,IMC_PID/C_add7,regulatory,fractional_1.25,1.25,1.25,109.59723737472511,109.59723737472511,ok,30225.88048580251,76901.02488129097,3.2431806981308577,0.2838759358561358,0.0,2,0,17786.25,2.4177746988485183e-05,3.7568193018691423,8.645321079966074,fractional
development,IMC_PID/D_add8,standardised,sample_1.25,1.25,1.25,109.59723737472511,108.75,ok,163736.10678737098,381516.5478674124,3.37259712099873,1.3309333066340736,0.0,7,3,inf,2.3726374825942553,3.3764419653101174,10.634595376234627,
development,IMC_PID/D_add8,standardised,sample_0.625,0.625,0.625,109.59723737472511,109.375,ok,163714.98740024294,381456.146403875,3.3726322163345905,1.3312742937961763,0.0,7,3,inf,2.3726523962775534,3.3767623007515386,10.634604705804378,
development,IMC_PID/D_add8,standardised,fractional_2.5,2.5,2.5,109.59723737472511,109.59723737472511,ok,163806.5592132349,381671.90892617503,3.372583831441469,1.3312502530929669,0.0,7,3,inf,2.3726645544162217,3.3760883731813665,10.634612225961357,fractional
development,IMC_PID/D_add8,standardised,fractional_1.25,1.25,1.25,109.59723737472511,109.59723737472511,ok,163759.9299356422,381564.56169192074,3.3726212878043658,1.3310652929180167,0.0,7,3,inf,2.3726616478789353,3.376414528998373,10.634610385856927,fractional
development,IMC_PID/D_add8,wide,sample_1.25,1.25,1.25,109.59723737472511,108.75,ok,33777.04323013353,21145.261496509902,1.440495842655408,0.18378577223083337,0.0,7,1,inf,0.11104816114831806,4.0,9.888951838851682,
development,IMC_PID/D_add8,wide,sample_0.625,0.625,0.625,109.59723737472511,109.375,ok,33781.80076855083,21153.01802717316,1.4410299329781875,0.18381467363231696,0.0,7,1,inf,0.11104878467338075,4.0,9.88895121532662,
development,IMC_PID/D_add8,wide,fractional_2.5,2.5,2.5,109.59723737472511,109.59723737472511,ok,33772.58004646898,21160.56523453303,1.445282534832061,0.1836815900115445,0.0,7,1,inf,0.11103382048625399,4.0,9.888966179513746,fractional
development,IMC_PID/D_add8,wide,fractional_1.25,1.25,1.25,109.59723737472511,109.59723737472511,ok,33779.0842091049,21157.703380109233,1.4428622503990018,0.1837472906031019,0.0,7,1,inf,0.11104287184605965,4.0,9.88895712815394,fractional
development,IMC_PID/D_add8,regulatory,sample_1.25,1.25,1.25,109.59723737472511,108.75,ok,31341.161925121774,77991.92048230678,3.24311125198201,0.28275287536600935,0.0,2,0,20937.5,0.00018870354694744407,3.75688874801799,8.703165087444848,
development,IMC_PID/D_add8,regulatory,sample_0.625,0.625,0.625,109.59723737472511,109.375,ok,31340.09863325751,77985.16568205148,3.243107334748579,0.2829092205018382,0.0,2,0,20935.0,0.00018805000515964565,3.756892665251421,8.702699725042605,
development,IMC_PID/D_add8,regulatory,fractional_2.5,2.5,2.5,109.59723737472511,109.59723737472511,ok,31367.148463040518,78030.53050585887,3.243267169745493,0.2826721494612938,0.0,2,0,20920.0,0.00018520022388557322,3.756732830254507,8.705646189632658,fractional
development,IMC_PID/D_add8,regulatory,fractional_1.25,1.25,1.25,109.59723737472511,109.59723737472511,ok,31351.285483202206,78003.41912646504,3.2431806981308577,0.28281469995151465,0.0,2,0,20928.75,0.00018677302572900345,3.7568193018691423,8.70380536620027,fractional
development,IMC_PID/D2_resample_Ti_Td,standardised,sample_1.25,1.25,1.25,109.59723737472511,108.75,ok,165531.78244924176,384136.9919586132,3.372710867629431,1.329128176280089,0.0,7,3,inf,2.3727512199755516,3.376468653098796,10.634655181445185,
development,IMC_PID/D2_resample_Ti_Td,standardised,sample_0.625,0.625,0.625,109.59723737472511,109.375,ok,165502.46153305058,384069.3056752119,3.3727386688838425,1.3297316788540572,0.0,7,3,inf,2.3727588444986694,3.3767856373638496,10.634660409513447,
development,IMC_PID/D2_resample_Ti_Td,standardised,fractional_2.5,2.5,2.5,109.59723737472511,109.59723737472511,ok,165538.34208240805,384254.32915273553,3.372706753792288,1.329145156201231,0.0,7,3,inf,2.372787456776722,3.376080492405468,10.63467717661042,fractional
development,IMC_PID/D2_resample_Ti_Td,standardised,fractional_1.25,1.25,1.25,109.59723737472511,109.59723737472511,ok,165521.4533133679,384160.7459837279,3.3727350297460585,1.3292453110084086,0.0,7,3,inf,2.37277538057179,3.376440767748748,10.634670183833583,fractional
development,IMC_PID/D2_resample_Ti_Td,wide,sample_1.25,1.25,1.25,109.59723737472511,108.75,ok,36044.355400019274,22810.995379105134,1.4632098464871852,0.1837628446236259,0.0,7,1,inf,0.11104892996315208,4.0,9.888951070036848,
development,IMC_PID/D2_resample_Ti_Td,wide,sample_0.625,0.625,0.625,109.59723737472511,109.375,ok,36049.450685876334,22819.39899498782,1.4637262227314753,0.18379145817837816,0.0,7,1,inf,0.1110495485096461,4.0,9.888950451490354,
development,IMC_PID/D2_resample_Ti_Td,wide,fractional_2.5,2.5,2.5,109.59723737472511,109.59723737472511,ok,36044.82352367416,22833.92944694713,1.4679828575952385,0.1836574284755912,0.0,7,1,inf,0.11103458475944095,4.0,9.888965415240559,fractional
development,IMC_PID/D2_resample_Ti_Td,wide,fractional_1.25,1.25,1.25,109.59723737472511,109.59723737472511,ok,36048.659592629636,22827.037995536502,1.465556385192004,0.18372383791356572,0.0,7,1,inf,0.11104363477281254,4.0,9.888956365227187,fractional
development,IMC_PID/D2_resample_Ti_Td,regulatory,sample_1.25,1.25,1.25,109.59723737472511,108.75,ok,31768.22390573792,78868.90011827367,3.243134857972689,0.28142959877864726,0.0,2,0,17463.75,0.0002491739557815009,3.756865142027311,8.71981414583154,
development,IMC_PID/D2_resample_Ti_Td,regulatory,sample_0.625,0.625,0.625,109.59723737472511,109.375,ok,31764.601406259462,78860.51149883031,3.243129052065864,0.28161191929222174,0.0,2,0,17456.25,0.00025163770309788447,3.756870947934136,8.719346944352127,
development,IMC_PID/D2_resample_Ti_Td,regulatory,fractional_2.5,2.5,2.5,109.59723737472511,109.59723737472511,ok,31743.596308464214,78872.59025790246,3.2432908323612617,0.28128613027561666,0.0,2,0,17320.0,0.0002881714371962829,3.7567091676387383,8.722229361466976,fractional
development,IMC_PID/D2_resample_Ti_Td,regulatory,fractional_1.25,1.25,1.25,109.59723737472511,109.59723737472511,ok,31755.36607208827,78865.02273882362,3.2432042971990893,0.2814809174798212,0.0,2,0,17398.75,0.0002669356320463834,3.7567957028009107,8.720419749739317,fractional
development,IMC_PID/E_original5_retuned,standardised,sample_1.25,1.25,1.25,109.59723737472511,108.75,ok,50766.490677010544,111463.13982530076,3.0099052324773856,3.8868037255972308,0.0,7,1,inf,0.057505418196623026,3.6185059580693277,10.442269063197902,
development,IMC_PID/E_original5_retuned,standardised,sample_0.625,0.625,0.625,109.59723737472511,109.375,ok,105123.87668529915,285681.57985024806,4.173833575756479,18.45162261209061,0.0,7,1,inf,2.7087946286679383,3.556184497827796,10.442152628643688,
development,IMC_PID/E_original5_retuned,standardised,fractional_2.5,2.5,2.5,109.59723737472511,109.59723737472511,ok,48962.68540943814,107827.5534571705,3.012477525500711,3.843657402768878,0.0,7,0,14067.5,0.015515519306844361,3.615386342956785,10.442569587801765,fractional
development,IMC_PID/E_original5_retuned,standardised,fractional_1.25,1.25,1.25,109.59723737472511,109.59723737472511,ok,97749.56436420459,259966.38489254314,4.1793834471117695,14.946215421626047,0.0,7,1,inf,4.1793834471117695,3.618268660432264,10.442423489705194,fractional
development,IMC_PID/E_original5_retuned,wide,sample_1.25,1.25,1.25,109.59723737472511,108.75,ok,9258.749761835868,9773.403408382053,2.2914230518308134,1.2909860193566418,0.0,7,0,4073.75,3.4747298371939905e-08,4.0,10.000005136465335,
development,IMC_PID/E_original5_retuned,wide,sample_0.625,0.625,0.625,109.59723737472511,109.375,ok,9286.547129931509,9835.745007993977,2.2925601458366156,1.3227814973872372,0.0,7,0,4073.125,3.5277997412208606e-08,4.0,10.000005534999719,
development,IMC_PID/E_original5_retuned,wide,fractional_2.5,2.5,2.5,109.59723737472511,109.59723737472511,ok,9283.665283587468,9838.463254967679,2.325547046691444,1.241126642051702,0.0,7,0,4070.0,3.519673974494708e-08,4.0,10.000005551208961,fractional
development,IMC_PID/E_original5_retuned,wide,fractional_1.25,1.25,1.25,109.59723737472511,109.59723737472511,ok,9299.191741623441,9869.71994733977,2.3064825918413607,1.2820585894296537,0.0,7,0,4071.25,3.5356016780951904e-08,4.0,10.000005628733286,fractional
development,IMC_PID/E_original5_retuned,regulatory,sample_1.25,1.25,1.25,109.59723737472511,108.75,ok,11423.378194248462,25209.27811780764,2.9391052930824326,1.1339445419905925,0.0,2,0,7182.5,9.849099313896659e-11,4.060894706917567,7.976546110967697,
development,IMC_PID/E_original5_retuned,regulatory,sample_0.625,0.625,0.625,109.59723737472511,109.375,ok,11598.274054358775,25655.937700099963,2.9390316688241382,1.1670778779626376,0.0,2,0,7176.875,4.689333366059145e-10,4.060968331175862,7.978555911073368,
development,IMC_PID/E_original5_retuned,regulatory,fractional_2.5,2.5,2.5,109.59723737472511,109.59723737472511,ok,11690.826951078061,25976.593887165618,2.940196112845223,1.1772705019713987,0.0,2,0,7232.5,3.822009375653579e-11,4.059803887154777,8.031562334551252,fractional
development,IMC_PID/E_original5_retuned,regulatory,fractional_1.25,1.25,1.25,109.59723737472511,109.59723737472511,ok,11692.085139287437,25952.27479159242,2.9395855899039116,1.1820357273143323,0.0,2,0,7211.25,8.673062268371723e-11,4.060414410096088,8.001238863792922,fractional
development,IMC_PID/P_move_interior_Kc,standardised,sample_1.25,1.25,1.25,109.59723737472511,108.75,ok,159337.7396867634,378567.7664142983,3.372272968315368,1.3183057731243482,0.0,7,3,inf,2.3723133562801006,3.377264449877785,10.63442189914225,
development,IMC_PID/P_move_interior_Kc,standardised,sample_0.625,0.625,0.625,109.59723737472511,109.375,ok,159352.75314155585,378580.39056564885,3.3723096686919387,1.319517089960116,0.0,7,3,inf,2.3723298617541015,3.377293754709298,10.634432125923938,
development,IMC_PID/P_move_interior_Kc,standardised,fractional_2.5,2.5,2.5,109.59723737472511,109.59723737472511,ok,159384.86736871343,378649.8367273626,3.3722499832293487,1.3169922547738864,0.0,7,3,inf,2.3723307605188495,3.3771478043813383,10.634433339938747,fractional
development,IMC_PID/P_move_interior_Kc,standardised,fractional_1.25,1.25,1.25,109.59723737472511,109.59723737472511,ok,159370.39189966448,378615.9022966033,3.372297212817447,1.3184100253501079,0.0,7,3,inf,2.3723375992543723,3.377237036970902,10.634436964396242,fractional
development,IMC_PID/P_move_interior_Kc,wide,sample_1.25,1.25,1.25,109.59723737472511,108.75,ok,27703.47082724361,15037.664007960186,1.0083088430143459,0.18013050328556268,0.0,7,1,inf,0.11104860688187834,4.0,9.888951393118122,
development,IMC_PID/P_move_interior_Kc,wide,sample_0.625,0.625,0.625,109.59723737472511,109.375,ok,27710.729612951418,15044.406703768836,1.0083037371344075,0.180159885946388,0.0,7,1,inf,0.11104922726898359,4.0,9.888950772731016,
development,IMC_PID/P_move_interior_Kc,wide,fractional_2.5,2.5,2.5,109.59723737472511,109.59723737472511,ok,27705.078328620868,15036.016520326373,1.0082970103861628,0.18002585790916115,0.0,7,1,inf,0.11103426302433661,4.0,9.888965736975663,fractional
development,IMC_PID/P_move_interior_Kc,wide,fractional_1.25,1.25,1.25,109.59723737472511,109.59723737472511,ok,27709.98198949122,15042.44452359334,1.0082999376895811,0.1800905219178457,0.0,7,1,inf,0.11104331375654475,4.0,9.888956686243455,fractional
development,IMC_PID/P_move_interior_Kc,regulatory,sample_1.25,1.25,1.25,109.59723737472511,108.75,ok,31914.375403793125,79541.68717329469,3.247101264231013,0.2767965366019558,0.0,2,0,20450.0,0.00013035026990060317,3.752898735768987,8.705219547173446,
development,IMC_PID/P_move_interior_Kc,regulatory,sample_0.625,0.625,0.625,109.59723737472511,109.375,ok,31917.553095488296,79542.90130221097,3.247081468720141,0.2769101327787702,0.0,2,0,20456.25,0.00013001482641783468,3.752918531279859,8.70553259739569,
development,IMC_PID/P_move_interior_Kc,regulatory,fractional_2.5,2.5,2.5,109.59723737472511,109.59723737472511,ok,31934.20807094808,79582.04057228199,3.2472613499212684,0.2767492703476009,0.0,2,0,20465.0,0.00012985788016361965,3.7527386500787316,8.706565863989267,fractional
development,IMC_PID/P_move_interior_Kc,regulatory,fractional_1.25,1.25,1.25,109.59723737472511,109.59723737472511,ok,31925.77978798487,79561.71767071873,3.2471695944456074,0.27684573989084527,0.0,2,0,20462.5,0.00012988802419844347,3.7528304055543926,8.706015744894948,fractional
development,fixed/C1,standardised,sample_1.25,1.25,1.25,109.59723737472511,108.75,ok,91442.8549002817,144414.4090099085,3.018259512920928,10.139219993076203,0.0,7,2,inf,0.542128498987128,3.4940045313103467,10.49907244092604,
development,fixed/C1,standardised,sample_0.625,0.625,0.625,109.59723737472511,109.375,ok,91051.0335209187,143822.25661619252,3.018438899109314,10.083333739327752,0.0,7,2,inf,1.1822693958200965,3.493940281428876,10.499133453429291,
development,fixed/C1,standardised,fractional_2.5,2.5,2.5,109.59723737472511,109.59723737472511,ok,91654.26390533698,144898.51781429,3.0185994125243507,10.089780303325622,0.0,7,2,inf,0.931727919779612,3.4939036400618706,10.499168096316051,fractional
development,fixed/C1,standardised,fractional_1.25,1.25,1.25,109.59723737472511,109.59723737472511,ok,91015.76640316393,143950.70277685855,3.018536604425076,10.035746095004878,0.0,7,2,inf,1.145867374301874,3.493912547376605,10.499159748572731,fractional
development,fixed/C1,wide,sample_1.25,1.25,1.25,109.59723737472511,108.75,ok,24868.767230733523,22179.68859686567,2.182193321770389,3.320248906135431,0.0,7,1,inf,0.9136676007005065,4.0,9.99924094645286,
development,fixed/C1,wide,sample_0.625,0.625,0.625,109.59723737472511,109.375,ok,24935.982161595683,22244.001212911935,2.149771812234139,3.3208782627600675,0.0,7,1,inf,0.5020536901476147,4.0,9.999241561764716,
development,fixed/C1,wide,fractional_2.5,2.5,2.5,109.59723737472511,109.59723737472511,ok,24620.113427337947,21900.014376061386,1.72741960825274,3.27051655989169,0.0,7,1,inf,0.09669254088585788,4.0,9.999242182983357,fractional
development,fixed/C1,wide,fractional_1.25,1.25,1.25,109.59723737472511,109.59723737472511,ok,24607.600743075123,21775.570852077042,1.7207845425556778,3.286672893465491,0.0,7,1,inf,1.1871476910889136,4.0,9.99924194304923,fractional
development,fixed/C1,regulatory,sample_1.25,1.25,1.25,109.59723737472511,108.75,ok,41357.30043303948,56246.697851167046,3.018259512920928,5.681194108642277,0.0,2,1,inf,0.19339648564860745,3.981740487079072,8.982586592336837,
development,fixed/C1,regulatory,sample_0.625,0.625,0.625,109.59723737472511,109.375,ok,41416.61216907285,56368.740467925636,3.018438899109314,5.676206895727684,0.0,2,1,inf,1.1824967823524677,3.981561100890686,8.984162302221419,
development,fixed/C1,regulatory,fractional_2.5,2.5,2.5,109.59723737472511,109.59723737472511,ok,41767.39905975571,57029.264593682856,3.0185994125243507,5.671199880672808,0.0,2,1,inf,0.9125900416000299,3.9814005874756493,8.986554771844533,fractional
development,fixed/C1,regulatory,fractional_1.25,1.25,1.25,109.59723737472511,109.59723737472511,ok,41579.04870836418,56674.6983115928,3.018536604425076,5.669061074580798,0.0,2,1,inf,1.0706011001815643,3.981463395574924,8.985458084906599,fractional
