comparison,max_IAE_difference_percent,median_IAE_difference_percent,above_one_percent,n
legacy_RK45 to tight_RK45,0.054627737919799024,1.283417816466681e-11,0,45
tight_RK45 to exact_legacy,0.09558206397801694,2.7977620220553945e-11,0,45
exact_legacy to stable_legacy,0.08813497159633199,5.759837051755312e-11,0,45
sample_20.0 to sample_10.0,48.75352480278157,1.7312280580723094,26,45
sample_10.0 to sample_5.0,82.74855780099547,0.46441987322758393,14,45
sample_5.0 to sample_2.5,36.89609901760785,0.16966370906646988,8,45
sample_2.5 to sample_1.25,20.524691581988407,0.131892952207191,7,45
sample_1.25 to sample_0.625,51.70793517348482,0.07469769959727035,4,45
sample_5.0 to fractional_5,14.124264426801325,0.8098467886691663,22,45
fractional_5 to fractional_2.5,35.47704024541862,0.4573850327761919,18,45
fractional_2.5 to fractional_1.25,49.91007302394891,0.17532683735759225,6,45
