design,runs,mean_IAE,worst_IAE,unsettled_segments,total_segments,maximum_IAE_increase_percent,max_actuator_TV
IMC_PID/A_original3,78,100330.77547775887,228259.99596677604,215,390,4256.776845295559,280.0626014904218
IMC_PID/B_analytic3,78,101399.5381047553,199229.0302957393,187,390,2147.6372814639044,322.11362228335776
IMC_PID/C_add7,78,105693.86473277668,199830.75192787932,225,390,1028.3520834576257,321.3276182413159
IMC_PID/D2_resample_Ti_Td,78,108325.81493837138,200610.76966951747,247,390,734.2951578566021,320.8153440203608
IMC_PID/D_add8,78,107477.15749656962,199890.64117675577,227,390,772.8701774010661,320.8764137511774
IMC_PID/E_original5_retuned,78,79512.71292088745,207529.82321782052,144,390,854.1784390029995,2399.856612085718
IMC_PID/P_move_interior_Kc,78,107845.98783107765,204067.93935765236,248,390,1023.0219555081128,320.9587290643045
fixed/C1,78,64855.59017196199,119629.1252953263,271,390,147.2574507192636,12.662781410596144
reference_PI/A_original3,78,92567.8565172824,153189.80375470515,291,390,100.56906953898057,44.493557481311456
reference_PI/B_analytic3,78,48074.91890179294,113981.62724604984,53,390,1179.5086609332125,15.42894661386065
reference_PI/C_add7,78,57089.03759696094,125796.3728962828,103,390,563.6702983979147,15.164244728229312
reference_PI/D2_resample_Ti_Td,78,63094.885827872684,128613.61818211558,146,390,363.49608222403475,14.884343716803423
reference_PI/D_add8,78,64358.918286557324,128931.15920984106,159,390,332.96830160526747,14.98801997646119
reference_PI/E_original5_retuned,78,80719.41565197958,146812.57796588907,222,390,56.64382931611522,79.52677813223974
reference_PI/P_move_interior_Kc,78,63043.75253059147,129250.3361078781,129,390,579.6822073873839,14.63408561112706
