design,scenario,comparison,max_pH_difference
reference_PI/A_original3,standardised,default_to_tight,2.731856756099578
reference_PI/A_original3,standardised,exact_to_tight,3.0755521589515142
reference_PI/A_original3,wide,default_to_tight,1.7106922989285067e-08
reference_PI/A_original3,wide,exact_to_tight,1.5780007522891992e-08
reference_PI/A_original3,regulatory,default_to_tight,0.0007024289167718578
reference_PI/A_original3,regulatory,exact_to_tight,0.0016745115140794908
reference_PI/E_original5_retuned,standardised,default_to_tight,3.0072372148026716e-08
reference_PI/E_original5_retuned,standardised,exact_to_tight,1.7884935310519268e-08
reference_PI/E_original5_retuned,wide,default_to_tight,3.382005786534137e-11
reference_PI/E_original5_retuned,wide,exact_to_tight,3.3871572213683976e-11
reference_PI/E_original5_retuned,regulatory,default_to_tight,1.6022987381347775e-09
reference_PI/E_original5_retuned,regulatory,exact_to_tight,2.809365184930357e-09
IMC_PID/E_original5_retuned,standardised,default_to_tight,4.2531196342565636e-09
IMC_PID/E_original5_retuned,standardised,exact_to_tight,7.413443192660907e-09
IMC_PID/E_original5_retuned,wide,default_to_tight,2.943068011518335e-11
IMC_PID/E_original5_retuned,wide,exact_to_tight,2.943068011518335e-11
IMC_PID/E_original5_retuned,regulatory,default_to_tight,4.18332035678759e-12
IMC_PID/E_original5_retuned,regulatory,exact_to_tight,6.497913318526116e-12
